{"type": "FeatureCollection", "city": "coimbra", "attribution": "Stream lines (c) OpenStreetMap contributors, ODbL 1.0", "features": [{"type": "Feature", "properties": {"id": "coimbra-w152620945-000", "stream_name": "Ribeira dos Fornos", "waterway": "stream", "length_m": 98.1, "center": [-8.451829, 40.25757]}, "geometry": {"type": "LineString", "coordinates": [[-8.451686, 40.258], [-8.451854, 40.257495], [-8.451617, 40.257178]]}}, {"type": "Feature", "properties": {"id": "coimbra-w152620945-001", "stream_name": "Ribeira dos Fornos", "waterway": "stream", "length_m": 98.1, "center": [-8.451466, 40.256781]}, "geometry": {"type": "LineString", "coordinates": [[-8.451617, 40.257178], [-8.451607, 40.257165], [-8.451657, 40.257039], [-8.451443, 40.25675], [-8.451461, 40.256556], [-8.451567, 40.256358]]}}, {"type": "Feature", "properties": {"id": "coimbra-w152620945-002", "stream_name": "Ribeira dos Fornos", "waterway": "stream", "length_m": 98.1, "center": [-8.452085, 40.256193]}, "geometry": {"type": "LineString", "coordinates": [[-8.451567, 40.256358], [-8.451575, 40.256343], [-8.451969, 40.256193], [-8.452179, 40.256192], [-8.452662, 40.256185]]}}, {"type": "Feature", "properties": {"id": "coimbra-w152620945-003", "stream_name": "Ribeira dos Fornos", "waterway": "stream", "length_m": 98.1, "center": [-8.453239, 40.256177]}, "geometry": {"type": "LineString", "coordinates": [[-8.452662, 40.256185], [-8.453314, 40.256176], [-8.453798, 40.256276]]}}, {"type": "Feature", "properties": {"id": "coimbra-w152620945-004", "stream_name": "Ribeira dos Fornos", "waterway": "stream", "length_m": 98.1, "center": [-8.454355, 40.256392]}, "geometry": {"type": "LineString", "coordinates": [[-8.453798, 40.256276], [-8.454416, 40.256405], [-8.454875, 40.25637], [-8.454917, 40.256346]]}}, {"type": "Feature", "properties": {"id": "coimbra-w152620945-005", "stream_name": "Ribeira dos Fornos", "waterway": "stream", "length_m": 98.1, "center": [-8.4554, 40.256111]}, "geometry": {"type": "LineString", "coordinates": [[-8.454917, 40.256346], [-8.455275, 40.256141], [-8.45583, 40.25601], [-8.455941, 40.255962]]}}, {"type": "Feature", "properties": {"id": "coimbra-w152620945-006", "stream_name": "Ribeira dos Fornos", "waterway": "stream", "length_m": 98.1, "center": [-8.456446, 40.255748]}, "geometry": {"type": "LineString", "coordinates": [[-8.455941, 40.255962], [-8.456951, 40.255533]]}}, {"type": "Feature", "properties": {"id": "coimbra-w152620945-007", "stream_name": "Ribeira dos Fornos", "waterway": "stream", "length_m": 98.1, "center": [-8.457477, 40.255352]}, "geometry": {"type": "LineString", "coordinates": [[-8.456951, 40.255533], [-8.457087, 40.255475], [-8.457843, 40.255236], [-8.458017, 40.255197]]}}, {"type": "Feature", "properties": {"id": "coimbra-w152620945-008", "stream_name": "Ribeira dos Fornos", "waterway": "stream", "length_m": 98.1, "center": [-8.45856, 40.255057]}, "geometry": {"type": "LineString", "coordinates": [[-8.458017, 40.255197], [-8.458528, 40.25508], [-8.458973, 40.254747]]}}, {"type": "Feature", "properties": {"id": "coimbra-w152620945-009", "stream_name": "Ribeira dos Fornos", "waterway": "stream", "length_m": 98.1, "center": [-8.459386, 40.254438]}, "geometry": {"type": "LineString", "coordinates": [[-8.458973, 40.254747], [-8.459799, 40.254128]]}}, {"type": "Feature", "properties": {"id": "coimbra-w152620945-010", "stream_name": "Ribeira dos Fornos", "waterway": "stream", "length_m": 98.1, "center": [-8.460253, 40.253856]}, "geometry": {"type": "LineString", "coordinates": [[-8.459799, 40.254128], [-8.459925, 40.254033], [-8.460505, 40.25372], [-8.46077, 40.253687]]}}, {"type": "Feature", "properties": {"id": "coimbra-w152620945-011", "stream_name": "Ribeira dos Fornos", "waterway": "stream", "length_m": 98.1, "center": [-8.461233, 40.253428]}, "geometry": {"type": "LineString", "coordinates": [[-8.46077, 40.253687], [-8.460801, 40.253683], [-8.46114, 40.253499], [-8.461321, 40.253361], [-8.461739, 40.253227]]}}, {"type": "Feature", "properties": {"id": "coimbra-w152620945-012", "stream_name": "Ribeira dos Fornos", "waterway": "stream", "length_m": 98.1, "center": [-8.462271, 40.253056]}, "geometry": {"type": "LineString", "coordinates": [[-8.461739, 40.253227], [-8.462803, 40.252885]]}}, {"type": "Feature", "properties": {"id": "coimbra-w152620945-013", "stream_name": "Ribeira dos Fornos", "waterway": "stream", "length_m": 98.1, "center": [-8.463295, 40.252663]}, "geometry": {"type": "LineString", "coordinates": [[-8.462803, 40.252885], [-8.463113, 40.252785], [-8.463363, 40.252617], [-8.463615, 40.252297]]}}, {"type": "Feature", "properties": {"id": "coimbra-w152752217-000", "stream_name": "Leito Periférico Direito", "waterway": "stream", "length_m": 110.1, "center": [-8.451837, 40.243127]}, "geometry": {"type": "LineString", "coordinates": [[-8.451826, 40.242629], [-8.451848, 40.243624]]}}, {"type": "Feature", "properties": {"id": "coimbra-w152752217-001", "stream_name": "Leito Periférico Direito", "waterway": "stream", "length_m": 110.1, "center": [-8.451859, 40.244122]}, "geometry": {"type": "LineString", "coordinates": [[-8.451848, 40.243624], [-8.451869, 40.244613], [-8.451869, 40.24462]]}}, {"type": "Feature", "properties": {"id": "coimbra-w152752217-002", "stream_name": "Leito Periférico Direito", "waterway": "stream", "length_m": 110.1, "center": [-8.451896, 40.245117]}, "geometry": {"type": "LineString", "coordinates": [[-8.451869, 40.24462], [-8.451874, 40.24484], [-8.451936, 40.245614]]}}, {"type": "Feature", "properties": {"id": "coimbra-w152752217-003", "stream_name": "Leito Periférico Direito", "waterway": "stream", "length_m": 110.1, "center": [-8.451976, 40.246111]}, "geometry": {"type": "LineString", "coordinates": [[-8.451936, 40.245614], [-8.451996, 40.246358], [-8.451941, 40.246605]]}}, {"type": "Feature", "properties": {"id": "coimbra-w152752218-000", "stream_name": "Leito Periférico Direito", "waterway": "stream", "length_m": 98.2, "center": [-8.454833, 40.2495]}, "geometry": {"type": "LineString", "coordinates": [[-8.454294, 40.249339], [-8.454653, 40.249456], [-8.455383, 40.249634]]}}, {"type": "Feature", "properties": {"id": "coimbra-w152752218-001", "stream_name": "Leito Periférico Direito", "waterway": "stream", "length_m": 98.2, "center": [-8.455933, 40.249769]}, "geometry": {"type": "LineString", "coordinates": [[-8.455383, 40.249634], [-8.456112, 40.249812], [-8.456446, 40.249967]]}}, {"type": "Feature", "properties": {"id": "coimbra-w152752218-002", "stream_name": "Leito Periférico Direito", "waterway": "stream", "length_m": 98.2, "center": [-8.456891, 40.250234]}, "geometry": {"type": "LineString", "coordinates": [[-8.456446, 40.249967], [-8.456534, 40.250008], [-8.456602, 40.250085], [-8.456795, 40.250156], [-8.45729, 40.250555]]}}, {"type": "Feature", "properties": {"id": "coimbra-w152752218-003", "stream_name": "Leito Periférico Direito", "waterway": "stream", "length_m": 98.2, "center": [-8.457688, 40.250876]}, "geometry": {"type": "LineString", "coordinates": [[-8.45729, 40.250555], [-8.457896, 40.251043], [-8.458114, 40.251175]]}}, {"type": "Feature", "properties": {"id": "coimbra-w152752218-004", "stream_name": "Leito Periférico Direito", "waterway": "stream", "length_m": 98.2, "center": [-8.458569, 40.251448]}, "geometry": {"type": "LineString", "coordinates": [[-8.458114, 40.251175], [-8.458603, 40.251468], [-8.458935, 40.251606], [-8.459087, 40.251638]]}}, {"type": "Feature", "properties": {"id": "coimbra-w152752218-005", "stream_name": "Leito Periférico Direito", "waterway": "stream", "length_m": 98.2, "center": [-8.459643, 40.251756]}, "geometry": {"type": "LineString", "coordinates": [[-8.459087, 40.251638], [-8.46007, 40.251846], [-8.460202, 40.251866]]}}, {"type": "Feature", "properties": {"id": "coimbra-w152752218-006", "stream_name": "Leito Periférico Direito", "waterway": "stream", "length_m": 98.2, "center": [-8.460769, 40.251951]}, "geometry": {"type": "LineString", "coordinates": [[-8.460202, 40.251866], [-8.461336, 40.252035]]}}, {"type": "Feature", "properties": {"id": "coimbra-w152752218-007", "stream_name": "Leito Periférico Direito", "waterway": "stream", "length_m": 98.2, "center": [-8.461903, 40.25212]}, "geometry": {"type": "LineString", "coordinates": [[-8.461336, 40.252035], [-8.46247, 40.252204]]}}, {"type": "Feature", "properties": {"id": "coimbra-w152752218-008", "stream_name": "Leito Periférico Direito", "waterway": "stream", "length_m": 98.2, "center": [-8.463039, 40.252277]}, "geometry": {"type": "LineString", "coordinates": [[-8.46247, 40.252204], [-8.462885, 40.252266], [-8.463376, 40.2523], [-8.463615, 40.252297]]}}, {"type": "Feature", "properties": {"id": "coimbra-w152752219-000", "stream_name": "Ribeira das Eiras", "waterway": "stream", "length_m": 97.3, "center": [-8.443842, 40.249433]}, "geometry": {"type": "LineString", "coordinates": [[-8.443392, 40.249705], [-8.443618, 40.249568], [-8.444071, 40.249295], [-8.444294, 40.249162]]}}, {"type": "Feature", "properties": {"id": "coimbra-w152752219-001", "stream_name": "Ribeira das Eiras", "waterway": "stream", "length_m": 97.3, "center": [-8.444748, 40.248894]}, "geometry": {"type": "LineString", "coordinates": [[-8.444294, 40.249162], [-8.444887, 40.248811], [-8.445156, 40.248687], [-8.445239, 40.248683]]}}, {"type": "Feature", "properties": {"id": "coimbra-w152752219-002", "stream_name": "Ribeira das Eiras", "waterway": "stream", "length_m": 97.3, "center": [-8.44581, 40.24866]}, "geometry": {"type": "LineString", "coordinates": [[-8.445239, 40.248683], [-8.446256, 40.248643], [-8.446378, 40.248618]]}}, {"type": "Feature", "properties": {"id": "coimbra-w152752219-003", "stream_name": "Ribeira das Eiras", "waterway": "stream", "length_m": 97.3, "center": [-8.446945, 40.248581]}, "geometry": {"type": "LineString", "coordinates": [[-8.446378, 40.248618], [-8.446529, 40.248587], [-8.446928, 40.248579], [-8.447414, 40.248644], [-8.447506, 40.248667]]}}, {"type": "Feature", "properties": {"id": "coimbra-w152752219-004", "stream_name": "Ribeira das Eiras", "waterway": "stream", "length_m": 97.3, "center": [-8.448059, 40.248685]}, "geometry": {"type": "LineString", "coordinates": [[-8.447506, 40.248667], [-8.447737, 40.248727], [-8.447951, 40.248712], [-8.448277, 40.248629], [-8.448619, 40.248623]]}}, {"type": "Feature", "properties": {"id": "coimbra-w152752219-005", "stream_name": "Ribeira das Eiras", "waterway": "stream", "length_m": 97.3, "center": [-8.449186, 40.248566]}, "geometry": {"type": "LineString", "coordinates": [[-8.448619, 40.248623], [-8.448739, 40.248621], [-8.449341, 40.248546], [-8.449756, 40.248531]]}}, {"type": "Feature", "properties": {"id": "coimbra-w152752219-006", "stream_name": "Ribeira das Eiras", "waterway": "stream", "length_m": 97.3, "center": [-8.450328, 40.248511]}, "geometry": {"type": "LineString", "coordinates": [[-8.449756, 40.248531], [-8.450332, 40.248511], [-8.450899, 40.248541]]}}, {"type": "Feature", "properties": {"id": "coimbra-w152752223-000", "stream_name": "Ribeira das Eiras", "waterway": "stream", "length_m": 119.6, "center": [-8.440027, 40.251482]}, "geometry": {"type": "LineString", "coordinates": [[-8.439447, 40.25179], [-8.440606, 40.251175]]}}, {"type": "Feature", "properties": {"id": "coimbra-w152752223-001", "stream_name": "Ribeira das Eiras", "waterway": "stream", "length_m": 119.6, "center": [-8.441185, 40.250868]}, "geometry": {"type": "LineString", "coordinates": [[-8.440606, 40.251175], [-8.441765, 40.25056]]}}, {"type": "Feature", "properties": {"id": "coimbra-w152752226-000", "stream_name": "Ribeira das Eiras", "waterway": "stream", "length_m": 40.1, "center": [-8.439249, 40.251887]}, "geometry": {"type": "LineString", "coordinates": [[-8.43905, 40.251984], [-8.439447, 40.25179]]}}, {"type": "Feature", "properties": {"id": "coimbra-w152752233-000", "stream_name": "Ribeira das Eiras", "waterway": "stream", "length_m": 64.5, "center": [-8.442079, 40.250397]}, "geometry": {"type": "LineString", "coordinates": [[-8.441765, 40.25056], [-8.442394, 40.250234]]}}, {"type": "Feature", "properties": {"id": "coimbra-w152752239-000", "stream_name": "Ribeira das Eiras", "waterway": "stream", "length_m": 87.1, "center": [-8.451547, 40.248649]}, "geometry": {"type": "LineString", "coordinates": [[-8.451044, 40.248577], [-8.451915, 40.248702], [-8.451997, 40.248616]]}}, {"type": "Feature", "properties": {"id": "coimbra-w152752241-000", "stream_name": "Ribeira de São Paulo", "waterway": "stream", "length_m": 97.4, "center": [-8.394539, 40.245487]}, "geometry": {"type": "LineString", "coordinates": [[-8.394382, 40.245069], [-8.394397, 40.245115], [-8.394504, 40.245463], [-8.39474, 40.245622], [-8.39496, 40.245647], [-8.394996, 40.245705]]}}, {"type": "Feature", "properties": {"id": "coimbra-w152752241-001", "stream_name": "Ribeira de São Paulo", "waterway": "stream", "length_m": 97.4, "center": [-8.395244, 40.246102]}, "geometry": {"type": "LineString", "coordinates": [[-8.394996, 40.245705], [-8.395346, 40.246266], [-8.395612, 40.246425]]}}, {"type": "Feature", "properties": {"id": "coimbra-w152752241-002", "stream_name": "Ribeira de São Paulo", "waterway": "stream", "length_m": 97.4, "center": [-8.396063, 40.246696]}, "geometry": {"type": "LineString", "coordinates": [[-8.395612, 40.246425], [-8.396301, 40.246839], [-8.396559, 40.246903]]}}, {"type": "Feature", "properties": {"id": "coimbra-w152752241-003", "stream_name": "Ribeira de São Paulo", "waterway": "stream", "length_m": 97.4, "center": [-8.397104, 40.247039]}, "geometry": {"type": "LineString", "coordinates": [[-8.396559, 40.246903], [-8.397649, 40.247175]]}}, {"type": "Feature", "properties": {"id": "coimbra-w152752241-004", "stream_name": "Ribeira de São Paulo", "waterway": "stream", "length_m": 97.4, "center": [-8.398194, 40.247311]}, "geometry": {"type": "LineString", "coordinates": [[-8.397649, 40.247175], [-8.398404, 40.247363], [-8.398653, 40.247554]]}}, {"type": "Feature", "properties": {"id": "coimbra-w152752241-005", "stream_name": "Ribeira de São Paulo", "waterway": "stream", "length_m": 97.4, "center": [-8.399058, 40.247866]}, "geometry": {"type": "LineString", "coordinates": [[-8.398653, 40.247554], [-8.399463, 40.248177]]}}, {"type": "Feature", "properties": {"id": "coimbra-w152752241-006", "stream_name": "Ribeira de São Paulo", "waterway": "stream", "length_m": 97.4, "center": [-8.399868, 40.248488]}, "geometry": {"type": "LineString", "coordinates": [[-8.399463, 40.248177], [-8.400273, 40.2488]]}}, {"type": "Feature", "properties": {"id": "coimbra-w152752241-007", "stream_name": "Ribeira de São Paulo", "waterway": "stream", "length_m": 97.4, "center": [-8.400749, 40.24903]}, "geometry": {"type": "LineString", "coordinates": [[-8.400273, 40.2488], [-8.400387, 40.248888], [-8.400727, 40.249033], [-8.401311, 40.248945]]}}, {"type": "Feature", "properties": {"id": "coimbra-w152752241-008", "stream_name": "Ribeira de São Paulo", "waterway": "stream", "length_m": 97.4, "center": [-8.401873, 40.24886]}, "geometry": {"type": "LineString", "coordinates": [[-8.401311, 40.248945], [-8.401971, 40.248845], [-8.402412, 40.248977]]}}, {"type": "Feature", "properties": {"id": "coimbra-w152752241-009", "stream_name": "Ribeira de São Paulo", "waterway": "stream", "length_m": 97.4, "center": [-8.402946, 40.249137]}, "geometry": {"type": "LineString", "coordinates": [[-8.402412, 40.248977], [-8.402969, 40.249144], [-8.403514, 40.249185]]}}, {"type": "Feature", "properties": {"id": "coimbra-w152752241-010", "stream_name": "Ribeira de São Paulo", "waterway": "stream", "length_m": 97.4, "center": [-8.404081, 40.249173]}, "geometry": {"type": "LineString", "coordinates": [[-8.403514, 40.249185], [-8.403833, 40.24921], [-8.404575, 40.2491], [-8.404638, 40.249077]]}}, {"type": "Feature", "properties": {"id": "coimbra-w152752241-011", "stream_name": "Ribeira de São Paulo", "waterway": "stream", "length_m": 97.4, "center": [-8.405151, 40.248882]}, "geometry": {"type": "LineString", "coordinates": [[-8.404638, 40.249077], [-8.405103, 40.248907], [-8.405624, 40.248634]]}}, {"type": "Feature", "properties": {"id": "coimbra-w152752241-012", "stream_name": "Ribeira de São Paulo", "waterway": "stream", "length_m": 97.4, "center": [-8.406097, 40.248385]}, "geometry": {"type": "LineString", "coordinates": [[-8.405624, 40.248634], [-8.406171, 40.248346], [-8.406265, 40.248101], [-8.406342, 40.248001]]}}, {"type": "Feature", "properties": {"id": "coimbra-w152752241-013", "stream_name": "Ribeira de São Paulo", "waterway": "stream", "length_m": 97.4, "center": [-8.406635, 40.247623]}, "geometry": {"type": "LineString", "coordinates": [[-8.406342, 40.248001], [-8.406767, 40.247452], [-8.406912, 40.24736], [-8.407038, 40.247372]]}}, {"type": "Feature", "properties": {"id": "coimbra-w152752241-014", "stream_name": "Ribeira de São Paulo", "waterway": "stream", "length_m": 97.4, "center": [-8.407497, 40.247627]}, "geometry": {"type": "LineString", "coordinates": [[-8.407038, 40.247372], [-8.407082, 40.247376], [-8.407476, 40.247619], [-8.408005, 40.24783]]}}, {"type": "Feature", "properties": {"id": "coimbra-w152752241-015", "stream_name": "Ribeira de São Paulo", "waterway": "stream", "length_m": 97.4, "center": [-8.408551, 40.247908]}, "geometry": {"type": "LineString", "coordinates": [[-8.408005, 40.24783], [-8.408214, 40.247913], [-8.408718, 40.247906], [-8.409107, 40.247816]]}}, {"type": "Feature", "properties": {"id": "coimbra-w152752241-016", "stream_name": "Ribeira de São Paulo", "waterway": "stream", "length_m": 97.4, "center": [-8.409663, 40.247892]}, "geometry": {"type": "LineString", "coordinates": [[-8.409107, 40.247816], [-8.40914, 40.247809], [-8.409407, 40.247825], [-8.409723, 40.247908], [-8.40982, 40.247883], [-8.410163, 40.247714]]}}, {"type": "Feature", "properties": {"id": "coimbra-w152752241-017", "stream_name": "Ribeira de São Paulo", "waterway": "stream", "length_m": 97.4, "center": [-8.410684, 40.24771]}, "geometry": {"type": "LineString", "coordinates": [[-8.410163, 40.247714], [-8.410313, 40.247641], [-8.410487, 40.247633], [-8.410608, 40.24768], [-8.410822, 40.247764], [-8.411144, 40.24797]]}}, {"type": "Feature", "properties": {"id": "coimbra-w152752242-000", "stream_name": "Leito Periférico Direito", "waterway": "stream", "length_m": 75.2, "center": [-8.464016, 40.252155]}, "geometry": {"type": "LineString", "coordinates": [[-8.463615, 40.252297], [-8.464349, 40.252036], [-8.464401, 40.251994]]}}, {"type": "Feature", "properties": {"id": "coimbra-w152752242-001", "stream_name": "Leito Periférico Direito", "waterway": "stream", "length_m": 75.2, "center": [-8.4647, 40.251744]}, "geometry": {"type": "LineString", "coordinates": [[-8.464401, 40.251994], [-8.465, 40.251493]]}}, {"type": "Feature", "properties": {"id": "coimbra-w152957896-000", "stream_name": "Vala Real", "waterway": "stream", "length_m": 92.1, "center": [-8.463439, 40.216592]}, "geometry": {"type": "LineString", "coordinates": [[-8.462913, 40.216684], [-8.463329, 40.216596], [-8.463864, 40.216575], [-8.463979, 40.216564]]}}, {"type": "Feature", "properties": {"id": "coimbra-w152957896-001", "stream_name": "Vala Real", "waterway": "stream", "length_m": 92.1, "center": [-8.464512, 40.216498]}, "geometry": {"type": "LineString", "coordinates": [[-8.463979, 40.216564], [-8.464452, 40.216518], [-8.464638, 40.216456], [-8.464955, 40.216326], [-8.465, 40.216332]]}}, {"type": "Feature", "properties": {"id": "coimbra-w175108331-000", "stream_name": "Ribeira das Eiras", "waterway": "stream", "length_m": 113.3, "center": [-8.43608, 40.253025]}, "geometry": {"type": "LineString", "coordinates": [[-8.435558, 40.253321], [-8.435867, 40.253076], [-8.436618, 40.252897], [-8.436695, 40.252845]]}}, {"type": "Feature", "properties": {"id": "coimbra-w175108331-001", "stream_name": "Ribeira das Eiras", "waterway": "stream", "length_m": 113.3, "center": [-8.437286, 40.252643]}, "geometry": {"type": "LineString", "coordinates": [[-8.436695, 40.252845], [-8.436893, 40.252711], [-8.437404, 40.252623], [-8.43754, 40.252532], [-8.437633, 40.252451], [-8.43785, 40.252406]]}}, {"type": "Feature", "properties": {"id": "coimbra-w175108331-002", "stream_name": "Ribeira das Eiras", "waterway": "stream", "length_m": 113.3, "center": [-8.438447, 40.252191]}, "geometry": {"type": "LineString", "coordinates": [[-8.43785, 40.252406], [-8.438025, 40.252369], [-8.43828, 40.252235], [-8.438616, 40.252147], [-8.438848, 40.252031], [-8.43905, 40.251984]]}}, {"type": "Feature", "properties": {"id": "coimbra-w175108338-000", "stream_name": "Ribeira das Eiras", "waterway": "stream", "length_m": 99.7, "center": [-8.425958, 40.255943]}, "geometry": {"type": "LineString", "coordinates": [[-8.425941, 40.255523], [-8.425862, 40.255731], [-8.425894, 40.255892], [-8.426108, 40.256062], [-8.426104, 40.256261], [-8.426159, 40.256336]]}}, {"type": "Feature", "properties": {"id": "coimbra-w175108338-001", "stream_name": "Ribeira das Eiras", "waterway": "stream", "length_m": 99.7, "center": [-8.426613, 40.25636]}, "geometry": {"type": "LineString", "coordinates": [[-8.426159, 40.256336], [-8.426188, 40.256377], [-8.426516, 40.256473], [-8.426674, 40.25629], [-8.42715, 40.25627]]}}, {"type": "Feature", "properties": {"id": "coimbra-w175108338-002", "stream_name": "Ribeira das Eiras", "waterway": "stream", "length_m": 99.7, "center": [-8.427732, 40.256295]}, "geometry": {"type": "LineString", "coordinates": [[-8.42715, 40.25627], [-8.42739, 40.25626], [-8.427837, 40.256306], [-8.428317, 40.256286]]}}, {"type": "Feature", "properties": {"id": "coimbra-w175108338-003", "stream_name": "Ribeira das Eiras", "waterway": "stream", "length_m": 99.7, "center": [-8.428892, 40.256319]}, "geometry": {"type": "LineString", "coordinates": [[-8.428317, 40.256286], [-8.42848, 40.25628], [-8.428783, 40.256337], [-8.429466, 40.256227]]}}, {"type": "Feature", "properties": {"id": "coimbra-w175108338-004", "stream_name": "Ribeira das Eiras", "waterway": "stream", "length_m": 99.7, "center": [-8.429938, 40.255962]}, "geometry": {"type": "LineString", "coordinates": [[-8.429466, 40.256227], [-8.429486, 40.256224], [-8.430168, 40.255829], [-8.430459, 40.255778]]}}, {"type": "Feature", "properties": {"id": "coimbra-w175108338-005", "stream_name": "Ribeira das Eiras", "waterway": "stream", "length_m": 99.7, "center": [-8.431005, 40.255918]}, "geometry": {"type": "LineString", "coordinates": [[-8.430459, 40.255778], [-8.43052, 40.255768], [-8.431221, 40.255985], [-8.431573, 40.255961]]}}, {"type": "Feature", "properties": {"id": "coimbra-w175108338-006", "stream_name": "Ribeira das Eiras", "waterway": "stream", "length_m": 99.7, "center": [-8.432157, 40.25592]}, "geometry": {"type": "LineString", "coordinates": [[-8.431573, 40.255961], [-8.432741, 40.255879]]}}, {"type": "Feature", "properties": {"id": "coimbra-w175108338-007", "stream_name": "Ribeira das Eiras", "waterway": "stream", "length_m": 99.7, "center": [-8.43324, 40.255695]}, "geometry": {"type": "LineString", "coordinates": [[-8.432741, 40.255879], [-8.432963, 40.255864], [-8.433184, 40.2557], [-8.433591, 40.25566], [-8.433782, 40.255558]]}}, {"type": "Feature", "properties": {"id": "coimbra-w175108339-000", "stream_name": "Ribeira das Eiras", "waterway": "stream", "length_m": 65.2, "center": [-8.415191, 40.249113]}, "geometry": {"type": "LineString", "coordinates": [[-8.41495, 40.248885], [-8.415182, 40.249093], [-8.415319, 40.249391]]}}, {"type": "Feature", "properties": {"id": "coimbra-w175108340-000", "stream_name": "Ribeira das Eiras", "waterway": "stream", "length_m": 90.7, "center": [-8.434062, 40.255101]}, "geometry": {"type": "LineString", "coordinates": [[-8.433876, 40.255485], [-8.434249, 40.254716]]}}, {"type": "Feature", "properties": {"id": "coimbra-w175108340-001", "stream_name": "Ribeira das Eiras", "waterway": "stream", "length_m": 90.7, "center": [-8.434451, 40.254337]}, "geometry": {"type": "LineString", "coordinates": [[-8.434249, 40.254716], [-8.434377, 40.254453], [-8.434473, 40.254302], [-8.434785, 40.254018]]}}, {"type": "Feature", "properties": {"id": "coimbra-w175108340-002", "stream_name": "Ribeira das Eiras", "waterway": "stream", "length_m": 90.7, "center": [-8.435129, 40.253705]}, "geometry": {"type": "LineString", "coordinates": [[-8.434785, 40.254018], [-8.435473, 40.253391]]}}, {"type": "Feature", "properties": {"id": "coimbra-w175108341-000", "stream_name": "Ribeira das Eiras", "waterway": "stream", "length_m": 97.2, "center": [-8.41594, 40.249633]}, "geometry": {"type": "LineString", "coordinates": [[-8.415418, 40.249496], [-8.415536, 40.249581], [-8.41592, 40.249627], [-8.416071, 40.249668], [-8.416182, 40.249989]]}}, {"type": "Feature", "properties": {"id": "coimbra-w175108341-001", "stream_name": "Ribeira das Eiras", "waterway": "stream", "length_m": 97.2, "center": [-8.416605, 40.250251]}, "geometry": {"type": "LineString", "coordinates": [[-8.416182, 40.249989], [-8.416196, 40.250028], [-8.416504, 40.250245], [-8.416851, 40.250265], [-8.417126, 40.250399]]}}, {"type": "Feature", "properties": {"id": "coimbra-w175108341-002", "stream_name": "Ribeira das Eiras", "waterway": "stream", "length_m": 97.2, "center": [-8.417618, 40.250463]}, "geometry": {"type": "LineString", "coordinates": [[-8.417126, 40.250399], [-8.41714, 40.250406], [-8.417429, 40.250355], [-8.417554, 40.250376], [-8.417664, 40.250524], [-8.417935, 40.250648], [-8.417961, 40.250773]]}}, {"type": "Feature", "properties": {"id": "coimbra-w175108341-003", "stream_name": "Ribeira das Eiras", "waterway": "stream", "length_m": 97.2, "center": [-8.418346, 40.251067]}, "geometry": {"type": "LineString", "coordinates": [[-8.417961, 40.250773], [-8.417977, 40.250845], [-8.418064, 40.250936], [-8.418656, 40.251211], [-8.41886, 40.251245]]}}, {"type": "Feature", "properties": {"id": "coimbra-w175108341-004", "stream_name": "Ribeira das Eiras", "waterway": "stream", "length_m": 97.2, "center": [-8.4194, 40.251117]}, "geometry": {"type": "LineString", "coordinates": [[-8.41886, 40.251245], [-8.418866, 40.251246], [-8.419084, 40.251161], [-8.4194, 40.251117], [-8.419933, 40.251276]]}}, {"type": "Feature", "properties": {"id": "coimbra-w175108341-005", "stream_name": "Ribeira das Eiras", "waterway": "stream", "length_m": 97.2, "center": [-8.420307, 40.251589]}, "geometry": {"type": "LineString", "coordinates": [[-8.419933, 40.251276], [-8.42005, 40.251311], [-8.420214, 40.251516], [-8.420706, 40.251904]]}}, {"type": "Feature", "properties": {"id": "coimbra-w175108341-006", "stream_name": "Ribeira das Eiras", "waterway": "stream", "length_m": 97.2, "center": [-8.421229, 40.252034]}, "geometry": {"type": "LineString", "coordinates": [[-8.420706, 40.251904], [-8.42078, 40.251963], [-8.421011, 40.251969], [-8.421264, 40.252044], [-8.421474, 40.252044], [-8.421633, 40.252262]]}}, {"type": "Feature", "properties": {"id": "coimbra-w175108341-007", "stream_name": "Ribeira das Eiras", "waterway": "stream", "length_m": 97.2, "center": [-8.421913, 40.252645]}, "geometry": {"type": "LineString", "coordinates": [[-8.421633, 40.252262], [-8.421952, 40.252699], [-8.421965, 40.252819], [-8.422107, 40.252906], [-8.422259, 40.252924]]}}, {"type": "Feature", "properties": {"id": "coimbra-w175108341-008", "stream_name": "Ribeira das Eiras", "waterway": "stream", "length_m": 97.2, "center": [-8.422563, 40.253245]}, "geometry": {"type": "LineString", "coordinates": [[-8.422259, 40.252924], [-8.422325, 40.252932], [-8.42245, 40.253048], [-8.422455, 40.253176], [-8.422558, 40.253236], [-8.422684, 40.25348], [-8.422888, 40.253581]]}}, {"type": "Feature", "properties": {"id": "coimbra-w175108341-009", "stream_name": "Ribeira das Eiras", "waterway": "stream", "length_m": 97.2, "center": [-8.42327, 40.253874]}, "geometry": {"type": "LineString", "coordinates": [[-8.422888, 40.253581], [-8.423042, 40.253658], [-8.423151, 40.253841], [-8.423345, 40.253896], [-8.423501, 40.254001], [-8.423784, 40.254023]]}}, {"type": "Feature", "properties": {"id": "coimbra-w175108342-000", "stream_name": "Ribeira das Eiras", "waterway": "stream", "length_m": 107.6, "center": [-8.411947, 40.24818]}, "geometry": {"type": "LineString", "coordinates": [[-8.411337, 40.248048], [-8.411897, 40.248172], [-8.41235, 40.248244], [-8.412527, 40.248347]]}}, {"type": "Feature", "properties": {"id": "coimbra-w175108342-001", "stream_name": "Ribeira das Eiras", "waterway": "stream", "length_m": 107.6, "center": [-8.413033, 40.248639]}, "geometry": {"type": "LineString", "coordinates": [[-8.412527, 40.248347], [-8.41308, 40.248666], [-8.413603, 40.24879], [-8.413629, 40.248795]]}}, {"type": "Feature", "properties": {"id": "coimbra-w175108342-002", "stream_name": "Ribeira das Eiras", "waterway": "stream", "length_m": 107.6, "center": [-8.414255, 40.248846]}, "geometry": {"type": "LineString", "coordinates": [[-8.413629, 40.248795], [-8.41398, 40.248852], [-8.414887, 40.248833]]}}, {"type": "Feature", "properties": {"id": "coimbra-w379864325-000", "stream_name": "Rio Velho", "waterway": "stream", "length_m": 102.0, "center": [-8.44543, 40.22496]}, "geometry": {"type": "LineString", "coordinates": [[-8.444953, 40.224681], [-8.445227, 40.224823], [-8.445555, 40.225043], [-8.445841, 40.225295]]}}, {"type": "Feature", "properties": {"id": "coimbra-w379864325-001", "stream_name": "Rio Velho", "waterway": "stream", "length_m": 102.0, "center": [-8.446236, 40.225642]}, "geometry": {"type": "LineString", "coordinates": [[-8.445841, 40.225295], [-8.446626, 40.225986], [-8.446631, 40.22599]]}}, {"type": "Feature", "properties": {"id": "coimbra-w379864325-002", "stream_name": "Rio Velho", "waterway": "stream", "length_m": 102.0, "center": [-8.44705, 40.22632]}, "geometry": {"type": "LineString", "coordinates": [[-8.446631, 40.22599], [-8.447469, 40.226651]]}}, {"type": "Feature", "properties": {"id": "coimbra-w379864325-003", "stream_name": "Rio Velho", "waterway": "stream", "length_m": 102.0, "center": [-8.447859, 40.227001]}, "geometry": {"type": "LineString", "coordinates": [[-8.447469, 40.226651], [-8.447611, 40.226763], [-8.448234, 40.227361]]}}, {"type": "Feature", "properties": {"id": "coimbra-w379864325-004", "stream_name": "Rio Velho", "waterway": "stream", "length_m": 102.0, "center": [-8.44859, 40.227733]}, "geometry": {"type": "LineString", "coordinates": [[-8.448234, 40.227361], [-8.448413, 40.227533], [-8.448928, 40.228114]]}}, {"type": "Feature", "properties": {"id": "coimbra-w379864325-005", "stream_name": "Rio Velho", "waterway": "stream", "length_m": 102.0, "center": [-8.449265, 40.228496]}, "geometry": {"type": "LineString", "coordinates": [[-8.448928, 40.228114], [-8.449603, 40.228877]]}}, {"type": "Feature", "properties": {"id": "coimbra-w379864325-006", "stream_name": "Rio Velho", "waterway": "stream", "length_m": 102.0, "center": [-8.44993, 40.229264]}, "geometry": {"type": "LineString", "coordinates": [[-8.449603, 40.228877], [-8.449738, 40.229029], [-8.450248, 40.229656]]}}, {"type": "Feature", "properties": {"id": "coimbra-w379864325-007", "stream_name": "Rio Velho", "waterway": "stream", "length_m": 102.0, "center": [-8.450567, 40.230047]}, "geometry": {"type": "LineString", "coordinates": [[-8.450248, 40.229656], [-8.450885, 40.230438]]}}, {"type": "Feature", "properties": {"id": "coimbra-w379864325-008", "stream_name": "Rio Velho", "waterway": "stream", "length_m": 102.0, "center": [-8.451228, 40.230817]}, "geometry": {"type": "LineString", "coordinates": [[-8.450885, 40.230438], [-8.450929, 40.230492], [-8.451574, 40.231194]]}}, {"type": "Feature", "properties": {"id": "coimbra-w379864325-009", "stream_name": "Rio Velho", "waterway": "stream", "length_m": 102.0, "center": [-8.452014, 40.231449]}, "geometry": {"type": "LineString", "coordinates": [[-8.451574, 40.231194], [-8.45179, 40.23143], [-8.45215, 40.231461], [-8.452467, 40.231721]]}}, {"type": "Feature", "properties": {"id": "coimbra-w379864325-010", "stream_name": "Rio Velho", "waterway": "stream", "length_m": 102.0, "center": [-8.452838, 40.23208]}, "geometry": {"type": "LineString", "coordinates": [[-8.452467, 40.231721], [-8.452735, 40.231941], [-8.453135, 40.232481]]}}, {"type": "Feature", "properties": {"id": "coimbra-w379864325-011", "stream_name": "Rio Velho", "waterway": "stream", "length_m": 102.0, "center": [-8.453432, 40.232882]}, "geometry": {"type": "LineString", "coordinates": [[-8.453135, 40.232481], [-8.453446, 40.232901], [-8.45374, 40.233278]]}}, {"type": "Feature", "properties": {"id": "coimbra-w379864325-012", "stream_name": "Rio Velho", "waterway": "stream", "length_m": 102.0, "center": [-8.454048, 40.233674]}, "geometry": {"type": "LineString", "coordinates": [[-8.45374, 40.233278], [-8.454357, 40.23407]]}}, {"type": "Feature", "properties": {"id": "coimbra-w379864325-013", "stream_name": "Rio Velho", "waterway": "stream", "length_m": 102.0, "center": [-8.454695, 40.234451]}, "geometry": {"type": "LineString", "coordinates": [[-8.454357, 40.23407], [-8.454478, 40.234226], [-8.455053, 40.234821]]}}, {"type": "Feature", "properties": {"id": "coimbra-w379864325-014", "stream_name": "Rio Velho", "waterway": "stream", "length_m": 102.0, "center": [-8.45541, 40.235192]}, "geometry": {"type": "LineString", "coordinates": [[-8.455053, 40.234821], [-8.455424, 40.235207], [-8.455783, 40.235554]]}}, {"type": "Feature", "properties": {"id": "coimbra-w839428737-000", "stream_name": "Leito Periférico Direito", "waterway": "stream", "length_m": 105.4, "center": [-8.451812, 40.247176]}, "geometry": {"type": "LineString", "coordinates": [[-8.451918, 40.246706], [-8.451707, 40.247646]]}}, {"type": "Feature", "properties": {"id": "coimbra-w839428737-001", "stream_name": "Leito Periférico Direito", "waterway": "stream", "length_m": 105.4, "center": [-8.451675, 40.248119]}, "geometry": {"type": "LineString", "coordinates": [[-8.451707, 40.247646], [-8.451661, 40.247851], [-8.451672, 40.248105], [-8.451733, 40.248339], [-8.451927, 40.248543]]}}, {"type": "Feature", "properties": {"id": "coimbra-w839428737-002", "stream_name": "Leito Periférico Direito", "waterway": "stream", "length_m": 105.4, "center": [-8.45241, 40.248836]}, "geometry": {"type": "LineString", "coordinates": [[-8.451927, 40.248543], [-8.451997, 40.248616], [-8.452146, 40.2487], [-8.452809, 40.249041], [-8.452948, 40.249059]]}}, {"type": "Feature", "properties": {"id": "coimbra-w839428737-003", "stream_name": "Leito Periférico Direito", "waterway": "stream", "length_m": 105.4, "center": [-8.45355, 40.24917]}, "geometry": {"type": "LineString", "coordinates": [[-8.452948, 40.249059], [-8.453168, 40.249087], [-8.454147, 40.2493]]}}, {"type": "Feature", "properties": {"id": "coimbra-w906125072-000", "stream_name": "Ribeira de Misarela", "waterway": "stream", "length_m": 101.8, "center": [-8.369244, 40.229675]}, "geometry": {"type": "LineString", "coordinates": [[-8.369505, 40.230088], [-8.36925, 40.229678], [-8.368735, 40.229432]]}}, {"type": "Feature", "properties": {"id": "coimbra-w906125072-001", "stream_name": "Ribeira de Misarela", "waterway": "stream", "length_m": 101.8, "center": [-8.368181, 40.22926]}, "geometry": {"type": "LineString", "coordinates": [[-8.368735, 40.229432], [-8.368684, 40.229408], [-8.367948, 40.229191], [-8.367621, 40.229096]]}}, {"type": "Feature", "properties": {"id": "coimbra-w906125072-002", "stream_name": "Ribeira de Misarela", "waterway": "stream", "length_m": 101.8, "center": [-8.367056, 40.228944]}, "geometry": {"type": "LineString", "coordinates": [[-8.367621, 40.229096], [-8.367169, 40.228964], [-8.366473, 40.22884]]}}, {"type": "Feature", "properties": {"id": "coimbra-w906125072-003", "stream_name": "Ribeira de Misarela", "waterway": "stream", "length_m": 101.8, "center": [-8.36589, 40.228734]}, "geometry": {"type": "LineString", "coordinates": [[-8.366473, 40.22884], [-8.36632, 40.228813], [-8.365669, 40.228694], [-8.365358, 40.228538]]}}, {"type": "Feature", "properties": {"id": "coimbra-w906125072-004", "stream_name": "Ribeira de Misarela", "waterway": "stream", "length_m": 101.8, "center": [-8.364928, 40.228237]}, "geometry": {"type": "LineString", "coordinates": [[-8.365358, 40.228538], [-8.365004, 40.228359], [-8.36467, 40.227822]]}}, {"type": "Feature", "properties": {"id": "coimbra-w906125072-005", "stream_name": "Ribeira de Misarela", "waterway": "stream", "length_m": 101.8, "center": [-8.364403, 40.227409]}, "geometry": {"type": "LineString", "coordinates": [[-8.36467, 40.227822], [-8.364607, 40.227721], [-8.364267, 40.227203], [-8.364034, 40.22706]]}}, {"type": "Feature", "properties": {"id": "coimbra-w906125072-006", "stream_name": "Ribeira de Misarela", "waterway": "stream", "length_m": 101.8, "center": [-8.363565, 40.226774]}, "geometry": {"type": "LineString", "coordinates": [[-8.364034, 40.22706], [-8.363489, 40.226727], [-8.363136, 40.226453]]}}, {"type": "Feature", "properties": {"id": "coimbra-w906125072-007", "stream_name": "Ribeira de Misarela", "waterway": "stream", "length_m": 101.8, "center": [-8.362727, 40.226119]}, "geometry": {"type": "LineString", "coordinates": [[-8.363136, 40.226453], [-8.362738, 40.226143], [-8.36252, 40.225687]]}}, {"type": "Feature", "properties": {"id": "coimbra-w906125072-008", "stream_name": "Ribeira de Misarela", "waterway": "stream", "length_m": 101.8, "center": [-8.362313, 40.225255]}, "geometry": {"type": "LineString", "coordinates": [[-8.36252, 40.225687], [-8.362106, 40.224823]]}}, {"type": "Feature", "properties": {"id": "coimbra-w906125072-009", "stream_name": "Ribeira de Misarela", "waterway": "stream", "length_m": 101.8, "center": [-8.362192, 40.224378]}, "geometry": {"type": "LineString", "coordinates": [[-8.362106, 40.224823], [-8.362088, 40.224783], [-8.362165, 40.224614], [-8.362202, 40.224468], [-8.362184, 40.224307], [-8.362087, 40.224219], [-8.361893, 40.223989]]}}, {"type": "Feature", "properties": {"id": "coimbra-w906125072-010", "stream_name": "Ribeira de Misarela", "waterway": "stream", "length_m": 101.8, "center": [-8.361748, 40.223548]}, "geometry": {"type": "LineString", "coordinates": [[-8.361893, 40.223989], [-8.361832, 40.223917], [-8.361644, 40.223094]]}}, {"type": "Feature", "properties": {"id": "coimbra-w906125072-011", "stream_name": "Ribeira de Misarela", "waterway": "stream", "length_m": 101.8, "center": [-8.361584, 40.222636]}, "geometry": {"type": "LineString", "coordinates": [[-8.361644, 40.223094], [-8.361639, 40.223073], [-8.361572, 40.222538], [-8.361527, 40.222178]]}}, {"type": "Feature", "properties": {"id": "coimbra-w906125072-012", "stream_name": "Ribeira de Misarela", "waterway": "stream", "length_m": 101.8, "center": [-8.361508, 40.221718]}, "geometry": {"type": "LineString", "coordinates": [[-8.361527, 40.222178], [-8.361508, 40.222032], [-8.361508, 40.22149], [-8.361528, 40.221258]]}}, {"type": "Feature", "properties": {"id": "coimbra-w906125072-013", "stream_name": "Ribeira de Misarela", "waterway": "stream", "length_m": 101.8, "center": [-8.36156, 40.220799]}, "geometry": {"type": "LineString", "coordinates": [[-8.361528, 40.221258], [-8.361565, 40.220805], [-8.361279, 40.220392]]}}, {"type": "Feature", "properties": {"id": "coimbra-w906125072-014", "stream_name": "Ribeira de Misarela", "waterway": "stream", "length_m": 101.8, "center": [-8.360967, 40.219999]}, "geometry": {"type": "LineString", "coordinates": [[-8.361279, 40.220392], [-8.36121, 40.220292], [-8.360645, 40.219611]]}}, {"type": "Feature", "properties": {"id": "coimbra-w906125072-015", "stream_name": "Ribeira de Misarela", "waterway": "stream", "length_m": 101.8, "center": [-8.360322, 40.219223]}, "geometry": {"type": "LineString", "coordinates": [[-8.360645, 40.219611], [-8.36, 40.218835]]}}, {"type": "Feature", "properties": {"id": "coimbra-w906125072-1-000", "stream_name": "Ribeira de Misarela", "waterway": "stream", "length_m": 86.7, "center": [-8.360415, 40.216567]}, "geometry": {"type": "LineString", "coordinates": [[-8.36, 40.216783], [-8.360089, 40.216712], [-8.360406, 40.216583], [-8.360556, 40.216312], [-8.360537, 40.216198]]}}, {"type": "Feature", "properties": {"id": "coimbra-w906125072-1-001", "stream_name": "Ribeira de Misarela", "waterway": "stream", "length_m": 86.7, "center": [-8.360474, 40.215809]}, "geometry": {"type": "LineString", "coordinates": [[-8.360537, 40.216198], [-8.360438, 40.215581], [-8.36041, 40.215419]]}}, {"type": "Feature", "properties": {"id": "coimbra-w906125072-1-002", "stream_name": "Ribeira de Misarela", "waterway": "stream", "length_m": 86.7, "center": [-8.360313, 40.215039]}, "geometry": {"type": "LineString", "coordinates": [[-8.36041, 40.215419], [-8.360354, 40.215088], [-8.360167, 40.21486], [-8.36, 40.214733]]}}, {"type": "Feature", "properties": {"id": "coimbra-w906133768-000", "stream_name": "Ribeira dos Covões", "waterway": "stream", "length_m": 97.5, "center": [-8.455073, 40.199737]}, "geometry": {"type": "LineString", "coordinates": [[-8.455111, 40.199297], [-8.455113, 40.199316], [-8.455108, 40.19947], [-8.455064, 40.199809], [-8.455011, 40.200067], [-8.455004, 40.200175]]}}, {"type": "Feature", "properties": {"id": "coimbra-w906133768-001", "stream_name": "Ribeira dos Covões", "waterway": "stream", "length_m": 97.5, "center": [-8.455158, 40.200593]}, "geometry": {"type": "LineString", "coordinates": [[-8.455004, 40.200175], [-8.454999, 40.200254], [-8.455093, 40.200417], [-8.455153, 40.200563], [-8.455177, 40.200709], [-8.455069, 40.201023]]}}, {"type": "Feature", "properties": {"id": "coimbra-w906133768-002", "stream_name": "Ribeira dos Covões", "waterway": "stream", "length_m": 97.5, "center": [-8.454756, 40.20139]}, "geometry": {"type": "LineString", "coordinates": [[-8.455069, 40.201023], [-8.455055, 40.201063], [-8.454694, 40.201458], [-8.454409, 40.201681], [-8.45438, 40.20172]]}}, {"type": "Feature", "properties": {"id": "coimbra-w906133768-003", "stream_name": "Ribeira dos Covões", "waterway": "stream", "length_m": 97.5, "center": [-8.454105, 40.202108]}, "geometry": {"type": "LineString", "coordinates": [[-8.45438, 40.20172], [-8.45419, 40.201976], [-8.453905, 40.20242], [-8.453874, 40.20251]]}}, {"type": "Feature", "properties": {"id": "coimbra-w906133768-004", "stream_name": "Ribeira dos Covões", "waterway": "stream", "length_m": 97.5, "center": [-8.453727, 40.202936]}, "geometry": {"type": "LineString", "coordinates": [[-8.453874, 40.20251], [-8.453693, 40.203035], [-8.453457, 40.203321]]}}, {"type": "Feature", "properties": {"id": "coimbra-w906133768-005", "stream_name": "Ribeira dos Covões", "waterway": "stream", "length_m": 97.5, "center": [-8.453137, 40.203683]}, "geometry": {"type": "LineString", "coordinates": [[-8.453457, 40.203321], [-8.453409, 40.20338], [-8.453222, 40.203544], [-8.452974, 40.203951], [-8.452906, 40.204087]]}}, {"type": "Feature", "properties": {"id": "coimbra-w906133768-006", "stream_name": "Ribeira dos Covões", "waterway": "stream", "length_m": 97.5, "center": [-8.452693, 40.204496]}, "geometry": {"type": "LineString", "coordinates": [[-8.452906, 40.204087], [-8.452734, 40.204432], [-8.452458, 40.204858], [-8.452442, 40.204893]]}}, {"type": "Feature", "properties": {"id": "coimbra-w906133768-007", "stream_name": "Ribeira dos Covões", "waterway": "stream", "length_m": 97.5, "center": [-8.452253, 40.205309]}, "geometry": {"type": "LineString", "coordinates": [[-8.452442, 40.204893], [-8.452201, 40.205423], [-8.452096, 40.205733]]}}, {"type": "Feature", "properties": {"id": "coimbra-w906133768-008", "stream_name": "Ribeira dos Covões", "waterway": "stream", "length_m": 97.5, "center": [-8.451945, 40.206159]}, "geometry": {"type": "LineString", "coordinates": [[-8.452096, 40.205733], [-8.452044, 40.205884], [-8.451909, 40.206261], [-8.451704, 40.206404], [-8.451595, 40.206494]]}}, {"type": "Feature", "properties": {"id": "coimbra-w906133768-009", "stream_name": "Ribeira dos Covões", "waterway": "stream", "length_m": 97.5, "center": [-8.45134, 40.206883]}, "geometry": {"type": "LineString", "coordinates": [[-8.451595, 40.206494], [-8.451494, 40.206578], [-8.451193, 40.207174], [-8.451137, 40.207295]]}}, {"type": "Feature", "properties": {"id": "coimbra-w906133768-010", "stream_name": "Ribeira dos Covões", "waterway": "stream", "length_m": 97.5, "center": [-8.450944, 40.207711]}, "geometry": {"type": "LineString", "coordinates": [[-8.451137, 40.207295], [-8.450752, 40.208127]]}}, {"type": "Feature", "properties": {"id": "coimbra-w906133768-011", "stream_name": "Ribeira dos Covões", "waterway": "stream", "length_m": 97.5, "center": [-8.450662, 40.208562]}, "geometry": {"type": "LineString", "coordinates": [[-8.450752, 40.208127], [-8.45075, 40.20813], [-8.450673, 40.20849], [-8.450632, 40.208764], [-8.450644, 40.209002]]}}, {"type": "Feature", "properties": {"id": "coimbra-w906133768-012", "stream_name": "Ribeira dos Covões", "waterway": "stream", "length_m": 97.5, "center": [-8.450666, 40.209443]}, "geometry": {"type": "LineString", "coordinates": [[-8.450644, 40.209002], [-8.450673, 40.209577], [-8.450697, 40.209884]]}}, {"type": "Feature", "properties": {"id": "coimbra-w906133768-013", "stream_name": "Ribeira dos Covões", "waterway": "stream", "length_m": 97.5, "center": [-8.450642, 40.210322]}, "geometry": {"type": "LineString", "coordinates": [[-8.450697, 40.209884], [-8.4507, 40.209909], [-8.45063, 40.210413], [-8.450621, 40.210763]]}}, {"type": "Feature", "properties": {"id": "coimbra-w931776120-000", "stream_name": "Ribeira de Coselhas", "waterway": "stream", "length_m": 97.1, "center": [-8.437158, 40.219619]}, "geometry": {"type": "LineString", "coordinates": [[-8.436626, 40.219777], [-8.436869, 40.219694], [-8.437699, 40.219478]]}}, {"type": "Feature", "properties": {"id": "coimbra-w931776122-000", "stream_name": "Ribeira de Coselhas", "waterway": "stream", "length_m": 97.5, "center": [-8.431094, 40.221288]}, "geometry": {"type": "LineString", "coordinates": [[-8.430525, 40.221245], [-8.430843, 40.221282], [-8.431084, 40.22129], [-8.431653, 40.221187]]}}, {"type": "Feature", "properties": {"id": "coimbra-w931776122-001", "stream_name": "Ribeira de Coselhas", "waterway": "stream", "length_m": 97.5, "center": [-8.432211, 40.221087]}, "geometry": {"type": "LineString", "coordinates": [[-8.431653, 40.221187], [-8.432457, 40.221043], [-8.432758, 40.220957]]}}, {"type": "Feature", "properties": {"id": "coimbra-w931776122-002", "stream_name": "Ribeira de Coselhas", "waterway": "stream", "length_m": 97.5, "center": [-8.433292, 40.220797]}, "geometry": {"type": "LineString", "coordinates": [[-8.432758, 40.220957], [-8.433177, 40.220837], [-8.433815, 40.220616]]}}, {"type": "Feature", "properties": {"id": "coimbra-w931776122-003", "stream_name": "Ribeira de Coselhas", "waterway": "stream", "length_m": 97.5, "center": [-8.434249, 40.220329]}, "geometry": {"type": "LineString", "coordinates": [[-8.433815, 40.220616], [-8.433825, 40.220613], [-8.434255, 40.220325], [-8.434384, 40.220237], [-8.434556, 40.22014], [-8.434655, 40.220128], [-8.434732, 40.220114]]}}, {"type": "Feature", "properties": {"id": "coimbra-w931776131-000", "stream_name": "Ribeira de Coselhas", "waterway": "stream", "length_m": 108.1, "center": [-8.427833, 40.222354]}, "geometry": {"type": "LineString", "coordinates": [[-8.42736, 40.222659], [-8.427492, 40.222555], [-8.427643, 40.22243], [-8.427728, 40.22237], [-8.427761, 40.222356], [-8.428053, 40.222348], [-8.428213, 40.222288], [-8.428406, 40.222182]]}}, {"type": "Feature", "properties": {"id": "coimbra-w931776131-001", "stream_name": "Ribeira de Coselhas", "waterway": "stream", "length_m": 108.1, "center": [-8.428909, 40.221882]}, "geometry": {"type": "LineString", "coordinates": [[-8.428406, 40.222182], [-8.428566, 40.222094], [-8.428844, 40.221926], [-8.429051, 40.221784], [-8.429173, 40.22168], [-8.429297, 40.221634], [-8.429362, 40.221552]]}}, {"type": "Feature", "properties": {"id": "coimbra-w931874722-000", "stream_name": "Vala do Norte", "waterway": "stream", "length_m": 98.9, "center": [-8.441189, 40.22436]}, "geometry": {"type": "LineString", "coordinates": [[-8.440847, 40.223998], [-8.441192, 40.224363], [-8.441338, 40.224792]]}}, {"type": "Feature", "properties": {"id": "coimbra-w931874722-001", "stream_name": "Vala do Norte", "waterway": "stream", "length_m": 98.9, "center": [-8.4414, 40.225236]}, "geometry": {"type": "LineString", "coordinates": [[-8.441338, 40.224792], [-8.441371, 40.224891], [-8.441439, 40.225682]]}}, {"type": "Feature", "properties": {"id": "coimbra-w931874722-002", "stream_name": "Vala do Norte", "waterway": "stream", "length_m": 98.9, "center": [-8.441521, 40.226125]}, "geometry": {"type": "LineString", "coordinates": [[-8.441439, 40.225682], [-8.441445, 40.225749], [-8.441611, 40.226567]]}}, {"type": "Feature", "properties": {"id": "coimbra-w931874722-003", "stream_name": "Vala do Norte", "waterway": "stream", "length_m": 98.9, "center": [-8.441825, 40.22698]}, "geometry": {"type": "LineString", "coordinates": [[-8.441611, 40.226567], [-8.441632, 40.226666], [-8.441913, 40.227122], [-8.442079, 40.227382]]}}, {"type": "Feature", "properties": {"id": "coimbra-w931874722-004", "stream_name": "Vala do Norte", "waterway": "stream", "length_m": 98.9, "center": [-8.442438, 40.227722]}, "geometry": {"type": "LineString", "coordinates": [[-8.442079, 40.227382], [-8.442198, 40.22757], [-8.442886, 40.228008]]}}, {"type": "Feature", "properties": {"id": "coimbra-w931874722-005", "stream_name": "Vala do Norte", "waterway": "stream", "length_m": 98.9, "center": [-8.44341, 40.228133]}, "geometry": {"type": "LineString", "coordinates": [[-8.442886, 40.228008], [-8.442913, 40.228025], [-8.44319, 40.228015], [-8.443707, 40.228293], [-8.443857, 40.228417]]}}, {"type": "Feature", "properties": {"id": "coimbra-w931874722-006", "stream_name": "Vala do Norte", "waterway": "stream", "length_m": 98.9, "center": [-8.444253, 40.228744]}, "geometry": {"type": "LineString", "coordinates": [[-8.443857, 40.228417], [-8.44465, 40.229072]]}}, {"type": "Feature", "properties": {"id": "coimbra-w931874722-007", "stream_name": "Vala do Norte", "waterway": "stream", "length_m": 98.9, "center": [-8.445046, 40.229399]}, "geometry": {"type": "LineString", "coordinates": [[-8.44465, 40.229072], [-8.445443, 40.229727]]}}, {"type": "Feature", "properties": {"id": "coimbra-w931874722-008", "stream_name": "Vala do Norte", "waterway": "stream", "length_m": 98.9, "center": [-8.445894, 40.229967]}, "geometry": {"type": "LineString", "coordinates": [[-8.445443, 40.229727], [-8.445492, 40.229767], [-8.445634, 40.229798], [-8.445777, 40.22983], [-8.445927, 40.230007], [-8.445952, 40.230127], [-8.446138, 40.230366]]}}, {"type": "Feature", "properties": {"id": "coimbra-w931874722-009", "stream_name": "Vala do Norte", "waterway": "stream", "length_m": 98.9, "center": [-8.446436, 40.230751]}, "geometry": {"type": "LineString", "coordinates": [[-8.446138, 40.230366], [-8.446734, 40.231135]]}}, {"type": "Feature", "properties": {"id": "coimbra-w931874722-010", "stream_name": "Vala do Norte", "waterway": "stream", "length_m": 98.9, "center": [-8.447031, 40.23152]}, "geometry": {"type": "LineString", "coordinates": [[-8.446734, 40.231135], [-8.447329, 40.231904]]}}, {"type": "Feature", "properties": {"id": "coimbra-w931874723-000", "stream_name": "Rio Velho", "waterway": "stream", "length_m": 141.6, "center": [-8.456462, 40.236024]}, "geometry": {"type": "LineString", "coordinates": [[-8.45583, 40.235606], [-8.456183, 40.235838], [-8.45709, 40.236444]]}}, {"type": "Feature", "properties": {"id": "coimbra-w977806112-000", "stream_name": "Ribeiro dos Canários", "waterway": "stream", "length_m": 99.5, "center": [-8.365226, 40.243879]}, "geometry": {"type": "LineString", "coordinates": [[-8.364778, 40.244168], [-8.365188, 40.243904], [-8.365609, 40.243619], [-8.365652, 40.243572]]}}, {"type": "Feature", "properties": {"id": "coimbra-w977806112-001", "stream_name": "Ribeiro dos Canários", "waterway": "stream", "length_m": 99.5, "center": [-8.366022, 40.243226]}, "geometry": {"type": "LineString", "coordinates": [[-8.365652, 40.243572], [-8.365833, 40.243376], [-8.366429, 40.242902]]}}, {"type": "Feature", "properties": {"id": "coimbra-w977806112-002", "stream_name": "Ribeiro dos Canários", "waterway": "stream", "length_m": 99.5, "center": [-8.366743, 40.242525]}, "geometry": {"type": "LineString", "coordinates": [[-8.366429, 40.242902], [-8.366515, 40.242835], [-8.366888, 40.242328], [-8.366968, 40.242114]]}}, {"type": "Feature", "properties": {"id": "coimbra-w977806112-003", "stream_name": "Ribeiro dos Canários", "waterway": "stream", "length_m": 99.5, "center": [-8.367371, 40.241853]}, "geometry": {"type": "LineString", "coordinates": [[-8.366968, 40.242114], [-8.366991, 40.24205], [-8.367157, 40.241875], [-8.367346, 40.241864], [-8.36772, 40.241715], [-8.367908, 40.241682]]}}, {"type": "Feature", "properties": {"id": "coimbra-w977806112-004", "stream_name": "Ribeiro dos Canários", "waterway": "stream", "length_m": 99.5, "center": [-8.368481, 40.241595]}, "geometry": {"type": "LineString", "coordinates": [[-8.367908, 40.241682], [-8.368371, 40.241603], [-8.369064, 40.241553]]}}, {"type": "Feature", "properties": {"id": "coimbra-w977806112-005", "stream_name": "Ribeiro dos Canários", "waterway": "stream", "length_m": 99.5, "center": [-8.369645, 40.241503]}, "geometry": {"type": "LineString", "coordinates": [[-8.369064, 40.241553], [-8.369574, 40.241516], [-8.370062, 40.241429], [-8.370191, 40.241361]]}}, {"type": "Feature", "properties": {"id": "coimbra-w977806112-006", "stream_name": "Ribeiro dos Canários", "waterway": "stream", "length_m": 99.5, "center": [-8.370644, 40.241079]}, "geometry": {"type": "LineString", "coordinates": [[-8.370191, 40.241361], [-8.370485, 40.241206], [-8.370875, 40.240895], [-8.371104, 40.240813]]}}, {"type": "Feature", "properties": {"id": "coimbra-w977806112-007", "stream_name": "Ribeiro dos Canários", "waterway": "stream", "length_m": 99.5, "center": [-8.371659, 40.240709]}, "geometry": {"type": "LineString", "coordinates": [[-8.371104, 40.240813], [-8.371395, 40.240709], [-8.371932, 40.240709], [-8.372197, 40.240836]]}}, {"type": "Feature", "properties": {"id": "coimbra-w977806112-008", "stream_name": "Ribeiro dos Canários", "waterway": "stream", "length_m": 99.5, "center": [-8.37269, 40.241077]}, "geometry": {"type": "LineString", "coordinates": [[-8.372197, 40.240836], [-8.37268, 40.241069], [-8.373091, 40.241405]]}}, {"type": "Feature", "properties": {"id": "coimbra-w977806112-009", "stream_name": "Ribeiro dos Canários", "waterway": "stream", "length_m": 99.5, "center": [-8.373442, 40.241757]}, "geometry": {"type": "LineString", "coordinates": [[-8.373091, 40.241405], [-8.373379, 40.24164], [-8.373666, 40.242173]]}}, {"type": "Feature", "properties": {"id": "coimbra-w977806112-010", "stream_name": "Ribeiro dos Canários", "waterway": "stream", "length_m": 99.5, "center": [-8.373912, 40.242581]}, "geometry": {"type": "LineString", "coordinates": [[-8.373666, 40.242173], [-8.373753, 40.242335], [-8.374172, 40.242984]]}}, {"type": "Feature", "properties": {"id": "coimbra-w977806112-011", "stream_name": "Ribeiro dos Canários", "waterway": "stream", "length_m": 99.5, "center": [-8.374446, 40.243381]}, "geometry": {"type": "LineString", "coordinates": [[-8.374172, 40.242984], [-8.37429, 40.243167], [-8.374502, 40.243458], [-8.374697, 40.243725], [-8.374732, 40.243774]]}}, {"type": "Feature", "properties": {"id": "coimbra-w977806112-012", "stream_name": "Ribeiro dos Canários", "waterway": "stream", "length_m": 99.5, "center": [-8.375016, 40.244167]}, "geometry": {"type": "LineString", "coordinates": [[-8.374732, 40.243774], [-8.375298, 40.244557], [-8.375301, 40.24456]]}}, {"type": "Feature", "properties": {"id": "coimbra-w977806112-013", "stream_name": "Ribeiro dos Canários", "waterway": "stream", "length_m": 99.5, "center": [-8.375668, 40.24491]}, "geometry": {"type": "LineString", "coordinates": [[-8.375301, 40.24456], [-8.376035, 40.24526]]}}, {"type": "Feature", "properties": {"id": "coimbra-w977806112-014", "stream_name": "Ribeiro dos Canários", "waterway": "stream", "length_m": 99.5, "center": [-8.3763, 40.24566]}, "geometry": {"type": "LineString", "coordinates": [[-8.376035, 40.24526], [-8.376079, 40.245302], [-8.376551, 40.246067]]}}, {"type": "Feature", "properties": {"id": "coimbra-w977806112-015", "stream_name": "Ribeiro dos Canários", "waterway": "stream", "length_m": 99.5, "center": [-8.376769, 40.246481]}, "geometry": {"type": "LineString", "coordinates": [[-8.376551, 40.246067], [-8.376653, 40.246232], [-8.376746, 40.246382], [-8.376875, 40.246924]]}}, {"type": "Feature", "properties": {"id": "coimbra-w977806112-016", "stream_name": "Ribeiro dos Canários", "waterway": "stream", "length_m": 99.5, "center": [-8.37699, 40.247365]}, "geometry": {"type": "LineString", "coordinates": [[-8.376875, 40.246924], [-8.376941, 40.247201], [-8.377123, 40.247803]]}}, {"type": "Feature", "properties": {"id": "coimbra-w977806112-017", "stream_name": "Ribeiro dos Canários", "waterway": "stream", "length_m": 99.5, "center": [-8.377305, 40.248229]}, "geometry": {"type": "LineString", "coordinates": [[-8.377123, 40.247803], [-8.377185, 40.248008], [-8.377531, 40.248644]]}}, {"type": "Feature", "properties": {"id": "coimbra-w977806112-018", "stream_name": "Ribeiro dos Canários", "waterway": "stream", "length_m": 99.5, "center": [-8.377799, 40.249043]}, "geometry": {"type": "LineString", "coordinates": [[-8.377531, 40.248644], [-8.377624, 40.248815], [-8.378096, 40.24943]]}}, {"type": "Feature", "properties": {"id": "coimbra-w977806112-019", "stream_name": "Ribeiro dos Canários", "waterway": "stream", "length_m": 99.5, "center": [-8.378483, 40.249766]}, "geometry": {"type": "LineString", "coordinates": [[-8.378096, 40.24943], [-8.378128, 40.249472], [-8.378518, 40.249795], [-8.37877, 40.250157]]}}, {"type": "Feature", "properties": {"id": "coimbra-w977806112-020", "stream_name": "Ribeiro dos Canários", "waterway": "stream", "length_m": 99.5, "center": [-8.379047, 40.250553]}, "geometry": {"type": "LineString", "coordinates": [[-8.37877, 40.250157], [-8.379111, 40.250645], [-8.379184, 40.250672], [-8.37952, 40.250788]]}}, {"type": "Feature", "properties": {"id": "coimbra-w977806117-000", "stream_name": "Ribeira de Vilarinho", "waterway": "stream", "length_m": 96.3, "center": [-8.412422, 40.257846]}, "geometry": {"type": "LineString", "coordinates": [[-8.411892, 40.258], [-8.412189, 40.257924], [-8.412941, 40.257672]]}}, {"type": "Feature", "properties": {"id": "coimbra-w977806117-001", "stream_name": "Ribeira de Vilarinho", "waterway": "stream", "length_m": 96.3, "center": [-8.413461, 40.257498]}, "geometry": {"type": "LineString", "coordinates": [[-8.412941, 40.257672], [-8.413606, 40.257449], [-8.413981, 40.257325]]}}, {"type": "Feature", "properties": {"id": "coimbra-w977806117-002", "stream_name": "Ribeira de Vilarinho", "waterway": "stream", "length_m": 96.3, "center": [-8.414501, 40.257152]}, "geometry": {"type": "LineString", "coordinates": [[-8.413981, 40.257325], [-8.414442, 40.257171], [-8.415024, 40.256984]]}}, {"type": "Feature", "properties": {"id": "coimbra-w977806117-003", "stream_name": "Ribeira de Vilarinho", "waterway": "stream", "length_m": 96.3, "center": [-8.41557, 40.256891]}, "geometry": {"type": "LineString", "coordinates": [[-8.415024, 40.256984], [-8.415258, 40.256909], [-8.416135, 40.256859]]}}, {"type": "Feature", "properties": {"id": "coimbra-w977806117-004", "stream_name": "Ribeira de Vilarinho", "waterway": "stream", "length_m": 96.3, "center": [-8.4167, 40.256827]}, "geometry": {"type": "LineString", "coordinates": [[-8.416135, 40.256859], [-8.417265, 40.256795]]}}, {"type": "Feature", "properties": {"id": "coimbra-w977806117-005", "stream_name": "Ribeira de Vilarinho", "waterway": "stream", "length_m": 96.3, "center": [-8.417822, 40.256724]}, "geometry": {"type": "LineString", "coordinates": [[-8.417265, 40.256795], [-8.417554, 40.256778], [-8.41837, 40.256614]]}}, {"type": "Feature", "properties": {"id": "coimbra-w977806117-006", "stream_name": "Ribeira de Vilarinho", "waterway": "stream", "length_m": 96.3, "center": [-8.418918, 40.256503]}, "geometry": {"type": "LineString", "coordinates": [[-8.41837, 40.256614], [-8.419466, 40.256393]]}}, {"type": "Feature", "properties": {"id": "coimbra-w977806117-007", "stream_name": "Ribeira de Vilarinho", "waterway": "stream", "length_m": 96.3, "center": [-8.420015, 40.256282]}, "geometry": {"type": "LineString", "coordinates": [[-8.419466, 40.256393], [-8.420236, 40.256238], [-8.420572, 40.256265]]}}, {"type": "Feature", "properties": {"id": "coimbra-w977806117-008", "stream_name": "Ribeira de Vilarinho", "waterway": "stream", "length_m": 96.3, "center": [-8.421136, 40.256309]}, "geometry": {"type": "LineString", "coordinates": [[-8.420572, 40.256265], [-8.421051, 40.256303], [-8.4217, 40.256346]]}}, {"type": "Feature", "properties": {"id": "coimbra-w977806117-009", "stream_name": "Ribeira de Vilarinho", "waterway": "stream", "length_m": 96.3, "center": [-8.422266, 40.256369]}, "geometry": {"type": "LineString", "coordinates": [[-8.4217, 40.256346], [-8.422038, 40.256369], [-8.422832, 40.256369]]}}, {"type": "Feature", "properties": {"id": "coimbra-w977806117-010", "stream_name": "Ribeira de Vilarinho", "waterway": "stream", "length_m": 96.3, "center": [-8.423395, 40.256327]}, "geometry": {"type": "LineString", "coordinates": [[-8.422832, 40.256369], [-8.422983, 40.256369], [-8.423948, 40.25627], [-8.423955, 40.256266]]}}, {"type": "Feature", "properties": {"id": "coimbra-w977806117-011", "stream_name": "Ribeira de Vilarinho", "waterway": "stream", "length_m": 96.3, "center": [-8.424408, 40.256005]}, "geometry": {"type": "LineString", "coordinates": [[-8.423955, 40.256266], [-8.424742, 40.255812], [-8.424875, 40.25576]]}}, {"type": "Feature", "properties": {"id": "coimbra-w977806117-012", "stream_name": "Ribeira de Vilarinho", "waterway": "stream", "length_m": 96.3, "center": [-8.425379, 40.255561]}, "geometry": {"type": "LineString", "coordinates": [[-8.424875, 40.25576], [-8.425407, 40.25555], [-8.425941, 40.255523]]}}, {"type": "Feature", "properties": {"id": "coimbra-w977806118-000", "stream_name": "Ribeiro dos Cortiços", "waterway": "stream", "length_m": 99.4, "center": [-8.365148, 40.238585]}, "geometry": {"type": "LineString", "coordinates": [[-8.364572, 40.238662], [-8.365724, 40.238507]]}}, {"type": "Feature", "properties": {"id": "coimbra-w977806118-001", "stream_name": "Ribeiro dos Cortiços", "waterway": "stream", "length_m": 99.4, "center": [-8.366254, 40.238325]}, "geometry": {"type": "LineString", "coordinates": [[-8.365724, 40.238507], [-8.365842, 40.238491], [-8.366477, 40.238234], [-8.366781, 40.238131]]}}, {"type": "Feature", "properties": {"id": "coimbra-w977806118-002", "stream_name": "Ribeiro dos Cortiços", "waterway": "stream", "length_m": 99.4, "center": [-8.367332, 40.237986]}, "geometry": {"type": "LineString", "coordinates": [[-8.366781, 40.238131], [-8.367019, 40.238049], [-8.367654, 40.237921], [-8.367888, 40.237848]]}}, {"type": "Feature", "properties": {"id": "coimbra-w977806118-003", "stream_name": "Ribeiro dos Cortiços", "waterway": "stream", "length_m": 99.4, "center": [-8.368426, 40.237672]}, "geometry": {"type": "LineString", "coordinates": [[-8.367888, 40.237848], [-8.368345, 40.237707], [-8.368936, 40.237453]]}}, {"type": "Feature", "properties": {"id": "coimbra-w977806118-004", "stream_name": "Ribeiro dos Cortiços", "waterway": "stream", "length_m": 99.4, "center": [-8.369503, 40.237343]}, "geometry": {"type": "LineString", "coordinates": [[-8.368936, 40.237453], [-8.368943, 40.23745], [-8.36969, 40.237308], [-8.370078, 40.237349]]}}, {"type": "Feature", "properties": {"id": "coimbra-w977806118-005", "stream_name": "Ribeiro dos Cortiços", "waterway": "stream", "length_m": 99.4, "center": [-8.370658, 40.237412]}, "geometry": {"type": "LineString", "coordinates": [[-8.370078, 40.237349], [-8.371237, 40.237474]]}}, {"type": "Feature", "properties": {"id": "coimbra-w977806118-006", "stream_name": "Ribeiro dos Cortiços", "waterway": "stream", "length_m": 99.4, "center": [-8.371817, 40.23753]}, "geometry": {"type": "LineString", "coordinates": [[-8.371237, 40.237474], [-8.371409, 40.237493], [-8.372398, 40.237583]]}}, {"type": "Feature", "properties": {"id": "coimbra-w977806118-007", "stream_name": "Ribeiro dos Cortiços", "waterway": "stream", "length_m": 99.4, "center": [-8.372976, 40.237651]}, "geometry": {"type": "LineString", "coordinates": [[-8.372398, 40.237583], [-8.372511, 40.237593], [-8.373426, 40.237707], [-8.373544, 40.237668]]}}, {"type": "Feature", "properties": {"id": "coimbra-w977806118-008", "stream_name": "Ribeiro dos Cortiços", "waterway": "stream", "length_m": 99.4, "center": [-8.374083, 40.237493]}, "geometry": {"type": "LineString", "coordinates": [[-8.373544, 40.237668], [-8.373987, 40.237521], [-8.374385, 40.237404], [-8.374527, 40.237235]]}}, {"type": "Feature", "properties": {"id": "coimbra-w977806118-009", "stream_name": "Ribeiro dos Cortiços", "waterway": "stream", "length_m": 99.4, "center": [-8.374984, 40.237107]}, "geometry": {"type": "LineString", "coordinates": [[-8.374527, 40.237235], [-8.374645, 40.237094], [-8.374788, 40.23705], [-8.374953, 40.237107], [-8.375152, 40.237104], [-8.375377, 40.23705], [-8.375517, 40.237082], [-8.375548, 40.237095]]}}, {"type": "Feature", "properties": {"id": "coimbra-w977806118-010", "stream_name": "Ribeiro dos Cortiços", "waterway": "stream", "length_m": 99.4, "center": [-8.375812, 40.237449]}, "geometry": {"type": "LineString", "coordinates": [[-8.375548, 40.237095], [-8.375727, 40.237165], [-8.375782, 40.237265], [-8.3758, 40.237434], [-8.375971, 40.237655], [-8.376187, 40.237783]]}}, {"type": "Feature", "properties": {"id": "coimbra-w977806118-011", "stream_name": "Ribeiro dos Cortiços", "waterway": "stream", "length_m": 99.4, "center": [-8.37665, 40.238058]}, "geometry": {"type": "LineString", "coordinates": [[-8.376187, 40.237783], [-8.377019, 40.238276], [-8.377106, 40.238339]]}}, {"type": "Feature", "properties": {"id": "coimbra-w977806118-012", "stream_name": "Ribeiro dos Cortiços", "waterway": "stream", "length_m": 99.4, "center": [-8.377534, 40.238645]}, "geometry": {"type": "LineString", "coordinates": [[-8.377106, 40.238339], [-8.377726, 40.238783], [-8.377997, 40.238917]]}}, {"type": "Feature", "properties": {"id": "coimbra-w977806118-013", "stream_name": "Ribeiro dos Cortiços", "waterway": "stream", "length_m": 99.4, "center": [-8.378456, 40.239193]}, "geometry": {"type": "LineString", "coordinates": [[-8.377997, 40.238917], [-8.378254, 40.239045], [-8.378881, 40.239502]]}}, {"type": "Feature", "properties": {"id": "coimbra-w977806118-014", "stream_name": "Ribeiro dos Cortiços", "waterway": "stream", "length_m": 99.4, "center": [-8.379306, 40.239811]}, "geometry": {"type": "LineString", "coordinates": [[-8.378881, 40.239502], [-8.379236, 40.23976], [-8.379732, 40.240119]]}}, {"type": "Feature", "properties": {"id": "coimbra-w977806118-015", "stream_name": "Ribeiro dos Cortiços", "waterway": "stream", "length_m": 99.4, "center": [-8.38004, 40.240485]}, "geometry": {"type": "LineString", "coordinates": [[-8.379732, 40.240119], [-8.379945, 40.240274], [-8.380207, 40.240858], [-8.380223, 40.240912]]}}, {"type": "Feature", "properties": {"id": "coimbra-w977806118-016", "stream_name": "Ribeiro dos Cortiços", "waterway": "stream", "length_m": 99.4, "center": [-8.380349, 40.241352]}, "geometry": {"type": "LineString", "coordinates": [[-8.380223, 40.240912], [-8.380375, 40.241443], [-8.380562, 40.241769]]}}, {"type": "Feature", "properties": {"id": "coimbra-w977806118-017", "stream_name": "Ribeiro dos Cortiços", "waterway": "stream", "length_m": 99.4, "center": [-8.380935, 40.242103]}, "geometry": {"type": "LineString", "coordinates": [[-8.380562, 40.241769], [-8.380637, 40.241899], [-8.381178, 40.24227], [-8.381378, 40.242397]]}}, {"type": "Feature", "properties": {"id": "coimbra-w977806118-018", "stream_name": "Ribeiro dos Cortiços", "waterway": "stream", "length_m": 99.4, "center": [-8.381829, 40.242684]}, "geometry": {"type": "LineString", "coordinates": [[-8.381378, 40.242397], [-8.381851, 40.242698], [-8.382376, 40.242837]]}}, {"type": "Feature", "properties": {"id": "coimbra-w977806118-019", "stream_name": "Ribeiro dos Cortiços", "waterway": "stream", "length_m": 99.4, "center": [-8.382853, 40.243066]}, "geometry": {"type": "LineString", "coordinates": [[-8.382376, 40.242837], [-8.38271, 40.242926], [-8.383158, 40.243368], [-8.383192, 40.24343]]}}, {"type": "Feature", "properties": {"id": "coimbra-w977806118-020", "stream_name": "Ribeiro dos Cortiços", "waterway": "stream", "length_m": 99.4, "center": [-8.383419, 40.243845]}, "geometry": {"type": "LineString", "coordinates": [[-8.383192, 40.24343], [-8.383439, 40.243881], [-8.383751, 40.244213]]}}, {"type": "Feature", "properties": {"id": "coimbra-w977806118-021", "stream_name": "Ribeiro dos Cortiços", "waterway": "stream", "length_m": 99.4, "center": [-8.384214, 40.244469]}, "geometry": {"type": "LineString", "coordinates": [[-8.383751, 40.244213], [-8.383868, 40.244337], [-8.384653, 40.244637], [-8.384746, 40.24465]]}}, {"type": "Feature", "properties": {"id": "coimbra-w977806118-022", "stream_name": "Ribeiro dos Cortiços", "waterway": "stream", "length_m": 99.4, "center": [-8.385322, 40.244729]}, "geometry": {"type": "LineString", "coordinates": [[-8.384746, 40.24465], [-8.385587, 40.244765], [-8.385879, 40.244856]]}}, {"type": "Feature", "properties": {"id": "coimbra-w977806118-023", "stream_name": "Ribeiro dos Cortiços", "waterway": "stream", "length_m": 99.4, "center": [-8.386384, 40.245074]}, "geometry": {"type": "LineString", "coordinates": [[-8.385879, 40.244856], [-8.386185, 40.24495], [-8.386782, 40.245321], [-8.386842, 40.245353]]}}, {"type": "Feature", "properties": {"id": "coimbra-w977806118-024", "stream_name": "Ribeiro dos Cortiços", "waterway": "stream", "length_m": 99.4, "center": [-8.387323, 40.245609]}, "geometry": {"type": "LineString", "coordinates": [[-8.386842, 40.245353], [-8.387399, 40.245649], [-8.387795, 40.245874]]}}, {"type": "Feature", "properties": {"id": "coimbra-w977806118-025", "stream_name": "Ribeiro dos Cortiços", "waterway": "stream", "length_m": 99.4, "center": [-8.388216, 40.246176]}, "geometry": {"type": "LineString", "coordinates": [[-8.387795, 40.245874], [-8.388127, 40.246063], [-8.388519, 40.246561]]}}, {"type": "Feature", "properties": {"id": "coimbra-w977806118-026", "stream_name": "Ribeiro dos Cortiços", "waterway": "stream", "length_m": 99.4, "center": [-8.388961, 40.246846]}, "geometry": {"type": "LineString", "coordinates": [[-8.388519, 40.246561], [-8.388576, 40.246633], [-8.389117, 40.246932], [-8.38941, 40.247133]]}}, {"type": "Feature", "properties": {"id": "coimbra-w977806118-027", "stream_name": "Ribeiro dos Cortiços", "waterway": "stream", "length_m": 99.4, "center": [-8.389813, 40.247456]}, "geometry": {"type": "LineString", "coordinates": [[-8.38941, 40.247133], [-8.389678, 40.247317], [-8.390107, 40.247759], [-8.390201, 40.247756]]}}, {"type": "Feature", "properties": {"id": "coimbra-w977806118-028", "stream_name": "Ribeiro dos Cortiços", "waterway": "stream", "length_m": 99.4, "center": [-8.390766, 40.247673]}, "geometry": {"type": "LineString", "coordinates": [[-8.390201, 40.247756], [-8.390555, 40.247743], [-8.391277, 40.247505], [-8.3913, 40.247491]]}}, {"type": "Feature", "properties": {"id": "coimbra-w977806118-029", "stream_name": "Ribeiro dos Cortiços", "waterway": "stream", "length_m": 99.4, "center": [-8.391753, 40.247207]}, "geometry": {"type": "LineString", "coordinates": [[-8.3913, 40.247491], [-8.391829, 40.24716], [-8.39209, 40.246843]]}}, {"type": "Feature", "properties": {"id": "coimbra-w977806118-030", "stream_name": "Ribeiro dos Cortiços", "waterway": "stream", "length_m": 99.4, "center": [-8.392404, 40.246464]}, "geometry": {"type": "LineString", "coordinates": [[-8.39209, 40.246843], [-8.392257, 40.246641], [-8.392409, 40.246457], [-8.392801, 40.246134]]}}, {"type": "Feature", "properties": {"id": "coimbra-w977806118-031", "stream_name": "Ribeiro dos Cortiços", "waterway": "stream", "length_m": 99.4, "center": [-8.393018, 40.245734]}, "geometry": {"type": "LineString", "coordinates": [[-8.392801, 40.246134], [-8.392947, 40.246014], [-8.393046, 40.245625], [-8.393349, 40.245379]]}}, {"type": "Feature", "properties": {"id": "coimbra-w977806118-032", "stream_name": "Ribeiro dos Cortiços", "waterway": "stream", "length_m": 99.4, "center": [-8.393819, 40.245112]}, "geometry": {"type": "LineString", "coordinates": [[-8.393349, 40.245379], [-8.393365, 40.245366], [-8.393911, 40.245061], [-8.394382, 40.245069]]}}, {"type": "Feature", "properties": {"id": "coimbra-w977806121-000", "stream_name": "Barroco do Luzouro", "waterway": "stream", "length_m": 104.9, "center": [-8.362991, 40.252497]}, "geometry": {"type": "LineString", "coordinates": [[-8.362763, 40.252056], [-8.36322, 40.252938]]}}, {"type": "Feature", "properties": {"id": "coimbra-w977806121-001", "stream_name": "Barroco do Luzouro", "waterway": "stream", "length_m": 104.9, "center": [-8.363448, 40.253378]}, "geometry": {"type": "LineString", "coordinates": [[-8.36322, 40.252938], [-8.363535, 40.253547], [-8.363646, 40.253827]]}}, {"type": "Feature", "properties": {"id": "coimbra-w977806121-002", "stream_name": "Barroco do Luzouro", "waterway": "stream", "length_m": 104.9, "center": [-8.363824, 40.254281]}, "geometry": {"type": "LineString", "coordinates": [[-8.363646, 40.253827], [-8.364002, 40.254735]]}}, {"type": "Feature", "properties": {"id": "coimbra-w977806121-003", "stream_name": "Barroco do Luzouro", "waterway": "stream", "length_m": 104.9, "center": [-8.364171, 40.255191]}, "geometry": {"type": "LineString", "coordinates": [[-8.364002, 40.254735], [-8.364115, 40.255021], [-8.364321, 40.255651]]}}, {"type": "Feature", "properties": {"id": "coimbra-w977806121-004", "stream_name": "Barroco do Luzouro", "waterway": "stream", "length_m": 104.9, "center": [-8.364479, 40.25611]}, "geometry": {"type": "LineString", "coordinates": [[-8.364321, 40.255651], [-8.364394, 40.255872], [-8.364644, 40.256567]]}}, {"type": "Feature", "properties": {"id": "coimbra-w977806121-005", "stream_name": "Barroco do Luzouro", "waterway": "stream", "length_m": 104.9, "center": [-8.364909, 40.256978]}, "geometry": {"type": "LineString", "coordinates": [[-8.364644, 40.256567], [-8.364748, 40.256855], [-8.365347, 40.257313]]}}, {"type": "Feature", "properties": {"id": "coimbra-w977806121-006", "stream_name": "Barroco do Luzouro", "waterway": "stream", "length_m": 104.9, "center": [-8.365775, 40.257654]}, "geometry": {"type": "LineString", "coordinates": [[-8.365347, 40.257313], [-8.365426, 40.257373], [-8.366104, 40.257918], [-8.366197, 40.258]]}}, {"type": "Feature", "properties": {"id": "coimbra-w977808499-000", "stream_name": "Ribeira das Eiras", "waterway": "stream", "length_m": 92.7, "center": [-8.424352, 40.254107]}, "geometry": {"type": "LineString", "coordinates": [[-8.42385, 40.254028], [-8.424308, 40.25405], [-8.424451, 40.254238], [-8.424781, 40.2543], [-8.424789, 40.254304]]}}, {"type": "Feature", "properties": {"id": "coimbra-w977808499-001", "stream_name": "Ribeira das Eiras", "waterway": "stream", "length_m": 92.7, "center": [-8.425245, 40.254534]}, "geometry": {"type": "LineString", "coordinates": [[-8.424789, 40.254304], [-8.425324, 40.254574], [-8.425292, 40.254794], [-8.425421, 40.254871]]}}, {"type": "Feature", "properties": {"id": "coimbra-w977808499-002", "stream_name": "Ribeira das Eiras", "waterway": "stream", "length_m": 92.7, "center": [-8.425841, 40.255135]}, "geometry": {"type": "LineString", "coordinates": [[-8.425421, 40.254871], [-8.42583, 40.255116], [-8.425992, 40.255391], [-8.425941, 40.255523]]}}, {"type": "Feature", "properties": {"id": "coimbra-w977810546-000", "stream_name": "Ribeiro dos Canários", "waterway": "stream", "length_m": 101.6, "center": [-8.379973, 40.250555]}, "geometry": {"type": "LineString", "coordinates": [[-8.37952, 40.250788], [-8.37953, 40.250763], [-8.379666, 40.25061], [-8.379945, 40.250544], [-8.380493, 40.250749], [-8.380513, 40.250752]]}}, {"type": "Feature", "properties": {"id": "coimbra-w977810546-001", "stream_name": "Ribeiro dos Canários", "waterway": "stream", "length_m": 101.6, "center": [-8.3811, 40.250838]}, "geometry": {"type": "LineString", "coordinates": [[-8.380513, 40.250752], [-8.381437, 40.250888], [-8.381689, 40.250859]]}}, {"type": "Feature", "properties": {"id": "coimbra-w977810546-002", "stream_name": "Ribeiro dos Canários", "waterway": "stream", "length_m": 101.6, "center": [-8.382154, 40.250634]}, "geometry": {"type": "LineString", "coordinates": [[-8.381689, 40.250859], [-8.381982, 40.250825], [-8.382392, 40.250368], [-8.382559, 40.25032]]}}, {"type": "Feature", "properties": {"id": "coimbra-w977810546-003", "stream_name": "Ribeiro dos Canários", "waterway": "stream", "length_m": 101.6, "center": [-8.383122, 40.250167]}, "geometry": {"type": "LineString", "coordinates": [[-8.382559, 40.25032], [-8.383084, 40.250169], [-8.383718, 40.250138]]}}, {"type": "Feature", "properties": {"id": "coimbra-w977810546-004", "stream_name": "Ribeiro dos Canários", "waterway": "stream", "length_m": 101.6, "center": [-8.384313, 40.250092]}, "geometry": {"type": "LineString", "coordinates": [[-8.383718, 40.250138], [-8.38398, 40.250126], [-8.384541, 40.250069], [-8.384844, 40.249908]]}}, {"type": "Feature", "properties": {"id": "coimbra-w977810546-005", "stream_name": "Ribeiro dos Canários", "waterway": "stream", "length_m": 101.6, "center": [-8.385367, 40.2497]}, "geometry": {"type": "LineString", "coordinates": [[-8.384844, 40.249908], [-8.385157, 40.249741], [-8.385661, 40.249641], [-8.385947, 40.249696]]}}, {"type": "Feature", "properties": {"id": "coimbra-w977810546-006", "stream_name": "Ribeiro dos Canários", "waterway": "stream", "length_m": 101.6, "center": [-8.386398, 40.249972]}, "geometry": {"type": "LineString", "coordinates": [[-8.385947, 40.249696], [-8.38611, 40.249727], [-8.386446, 40.250012], [-8.386782, 40.250211], [-8.386885, 40.250208]]}}, {"type": "Feature", "properties": {"id": "coimbra-w977810546-007", "stream_name": "Ribeiro dos Canários", "waterway": "stream", "length_m": 101.6, "center": [-8.38746, 40.250121]}, "geometry": {"type": "LineString", "coordinates": [[-8.386885, 40.250208], [-8.387249, 40.250197], [-8.387959, 40.249941], [-8.387996, 40.249919]]}}, {"type": "Feature", "properties": {"id": "coimbra-w977810546-008", "stream_name": "Ribeiro dos Canários", "waterway": "stream", "length_m": 101.6, "center": [-8.388469, 40.249638]}, "geometry": {"type": "LineString", "coordinates": [[-8.387996, 40.249919], [-8.388632, 40.249541], [-8.38887, 40.249301]]}}, {"type": "Feature", "properties": {"id": "coimbra-w977810546-009", "stream_name": "Ribeiro dos Canários", "waterway": "stream", "length_m": 101.6, "center": [-8.389219, 40.248931]}, "geometry": {"type": "LineString", "coordinates": [[-8.38887, 40.249301], [-8.389211, 40.248957], [-8.389342, 40.248543], [-8.389388, 40.248494]]}}, {"type": "Feature", "properties": {"id": "coimbra-w977810546-010", "stream_name": "Ribeiro dos Canários", "waterway": "stream", "length_m": 101.6, "center": [-8.389741, 40.248123]}, "geometry": {"type": "LineString", "coordinates": [[-8.389388, 40.248494], [-8.389734, 40.24813], [-8.390107, 40.247759]]}}, {"type": "Feature", "properties": {"id": "coimbra-w977846106-000", "stream_name": "Barroco do Velho", "waterway": "stream", "length_m": 99.8, "center": [-8.374632, 40.25761]}, "geometry": {"type": "LineString", "coordinates": [[-8.374339, 40.258], [-8.374595, 40.257645], [-8.374997, 40.257256]]}}, {"type": "Feature", "properties": {"id": "coimbra-w977846106-001", "stream_name": "Barroco do Velho", "waterway": "stream", "length_m": 99.8, "center": [-8.375274, 40.25686]}, "geometry": {"type": "LineString", "coordinates": [[-8.374997, 40.257256], [-8.375051, 40.257203], [-8.37526, 40.256874], [-8.375617, 40.256494]]}}, {"type": "Feature", "properties": {"id": "coimbra-w977846106-002", "stream_name": "Barroco do Velho", "waterway": "stream", "length_m": 99.8, "center": [-8.375933, 40.256113]}, "geometry": {"type": "LineString", "coordinates": [[-8.375617, 40.256494], [-8.37563, 40.256479], [-8.376197, 40.255792], [-8.376285, 40.255769]]}}, {"type": "Feature", "properties": {"id": "coimbra-w977846106-003", "stream_name": "Barroco do Velho", "waterway": "stream", "length_m": 99.8, "center": [-8.376844, 40.255634]}, "geometry": {"type": "LineString", "coordinates": [[-8.376285, 40.255769], [-8.376715, 40.255651], [-8.377195, 40.255586], [-8.377389, 40.25549]]}}, {"type": "Feature", "properties": {"id": "coimbra-w977846106-004", "stream_name": "Barroco do Velho", "waterway": "stream", "length_m": 99.8, "center": [-8.377836, 40.255204]}, "geometry": {"type": "LineString", "coordinates": [[-8.377389, 40.25549], [-8.377651, 40.25536], [-8.378009, 40.255059], [-8.378269, 40.254901]]}}, {"type": "Feature", "properties": {"id": "coimbra-w977846106-005", "stream_name": "Barroco do Velho", "waterway": "stream", "length_m": 99.8, "center": [-8.378726, 40.254618]}, "geometry": {"type": "LineString", "coordinates": [[-8.378269, 40.254901], [-8.378551, 40.25473], [-8.378921, 40.254495], [-8.379055, 40.254449], [-8.379115, 40.254312]]}}, {"type": "Feature", "properties": {"id": "coimbra-w977846106-006", "stream_name": "Barroco do Velho", "waterway": "stream", "length_m": 99.8, "center": [-8.379263, 40.25388]}, "geometry": {"type": "LineString", "coordinates": [[-8.379115, 40.254312], [-8.379266, 40.253965], [-8.37925, 40.25358], [-8.379204, 40.253433]]}}, {"type": "Feature", "properties": {"id": "coimbra-w977846106-007", "stream_name": "Barroco do Velho", "waterway": "stream", "length_m": 99.8, "center": [-8.37913, 40.252989]}, "geometry": {"type": "LineString", "coordinates": [[-8.379204, 40.253433], [-8.37912, 40.253158], [-8.379152, 40.252612], [-8.379185, 40.252542]]}}, {"type": "Feature", "properties": {"id": "coimbra-w977846106-008", "stream_name": "Barroco do Velho", "waterway": "stream", "length_m": 99.8, "center": [-8.379353, 40.252116]}, "geometry": {"type": "LineString", "coordinates": [[-8.379185, 40.252542], [-8.379364, 40.252153], [-8.379266, 40.251806], [-8.379296, 40.251673]]}}, {"type": "Feature", "properties": {"id": "coimbra-w977846106-009", "stream_name": "Barroco do Velho", "waterway": "stream", "length_m": 99.8, "center": [-8.379395, 40.251228]}, "geometry": {"type": "LineString", "coordinates": [[-8.379296, 40.251673], [-8.379396, 40.251222], [-8.37952, 40.250788]]}}, {"type": "Feature", "properties": {"id": "coimbra-w985174197-000", "stream_name": "Ribeira de Coselhas", "waterway": "stream", "length_m": 97.3, "center": [-8.420201, 40.224122]}, "geometry": {"type": "LineString", "coordinates": [[-8.41963, 40.224105], [-8.420123, 40.224112], [-8.420419, 40.224149], [-8.42067, 40.224207], [-8.420756, 40.224227]]}}, {"type": "Feature", "properties": {"id": "coimbra-w985174197-001", "stream_name": "Ribeira de Coselhas", "waterway": "stream", "length_m": 97.3, "center": [-8.421316, 40.224316]}, "geometry": {"type": "LineString", "coordinates": [[-8.420756, 40.224227], [-8.420858, 40.22425], [-8.421406, 40.224329], [-8.421785, 40.22435], [-8.421885, 40.224355]]}}, {"type": "Feature", "properties": {"id": "coimbra-w985174197-002", "stream_name": "Ribeira de Coselhas", "waterway": "stream", "length_m": 97.3, "center": [-8.422454, 40.224329]}, "geometry": {"type": "LineString", "coordinates": [[-8.421885, 40.224355], [-8.422054, 40.224364], [-8.422426, 40.224331], [-8.422543, 40.224321], [-8.42285, 40.224242], [-8.422999, 40.224198]]}}, {"type": "Feature", "properties": {"id": "coimbra-w985174197-003", "stream_name": "Ribeira de Coselhas", "waterway": "stream", "length_m": 97.3, "center": [-8.423532, 40.224039]}, "geometry": {"type": "LineString", "coordinates": [[-8.422999, 40.224198], [-8.423604, 40.224018], [-8.424068, 40.223884]]}}, {"type": "Feature", "properties": {"id": "coimbra-w985174197-004", "stream_name": "Ribeira de Coselhas", "waterway": "stream", "length_m": 97.3, "center": [-8.424616, 40.223758]}, "geometry": {"type": "LineString", "coordinates": [[-8.424068, 40.223884], [-8.424185, 40.22385], [-8.424726, 40.223734], [-8.42507, 40.22364], [-8.425155, 40.223612]]}}, {"type": "Feature", "properties": {"id": "coimbra-w985174197-005", "stream_name": "Ribeira de Coselhas", "waterway": "stream", "length_m": 97.3, "center": [-8.425683, 40.223442]}, "geometry": {"type": "LineString", "coordinates": [[-8.425155, 40.223612], [-8.425976, 40.223348], [-8.426209, 40.223269]]}}, {"type": "Feature", "properties": {"id": "coimbra-w985174197-006", "stream_name": "Ribeira de Coselhas", "waterway": "stream", "length_m": 97.3, "center": [-8.426652, 40.223009]}, "geometry": {"type": "LineString", "coordinates": [[-8.426209, 40.223269], [-8.426425, 40.223197], [-8.426507, 40.223153], [-8.426705, 40.222956], [-8.426952, 40.222772], [-8.427066, 40.222707]]}}, {"type": "Feature", "properties": {"id": "coimbra-w985174200-000", "stream_name": "Ribeira de Coselhas", "waterway": "stream", "length_m": 98.2, "center": [-8.380081, 40.220985]}, "geometry": {"type": "LineString", "coordinates": [[-8.3796, 40.22074], [-8.380109, 40.220999], [-8.380495, 40.221294]]}}, {"type": "Feature", "properties": {"id": "coimbra-w985174200-001", "stream_name": "Ribeira de Coselhas", "waterway": "stream", "length_m": 98.2, "center": [-8.38088, 40.221625]}, "geometry": {"type": "LineString", "coordinates": [[-8.380495, 40.221294], [-8.380633, 40.221399], [-8.381213, 40.221929], [-8.38126, 40.221958]]}}, {"type": "Feature", "properties": {"id": "coimbra-w985174200-002", "stream_name": "Ribeira de Coselhas", "waterway": "stream", "length_m": 98.2, "center": [-8.381708, 40.222238]}, "geometry": {"type": "LineString", "coordinates": [[-8.38126, 40.221958], [-8.381695, 40.222232], [-8.382176, 40.22247], [-8.382197, 40.222474]]}}, {"type": "Feature", "properties": {"id": "coimbra-w985174200-003", "stream_name": "Ribeira de Coselhas", "waterway": "stream", "length_m": 98.2, "center": [-8.382755, 40.222578]}, "geometry": {"type": "LineString", "coordinates": [[-8.382197, 40.222474], [-8.382293, 40.222496], [-8.382657, 40.222578], [-8.383333, 40.222578]]}}, {"type": "Feature", "properties": {"id": "coimbra-w985174200-004", "stream_name": "Ribeira de Coselhas", "waterway": "stream", "length_m": 98.2, "center": [-8.383876, 40.222431]}, "geometry": {"type": "LineString", "coordinates": [[-8.383333, 40.222578], [-8.383365, 40.222578], [-8.384045, 40.222383], [-8.38444, 40.222412]]}}, {"type": "Feature", "properties": {"id": "coimbra-w985174200-005", "stream_name": "Ribeira de Coselhas", "waterway": "stream", "length_m": 98.2, "center": [-8.385001, 40.222511]}, "geometry": {"type": "LineString", "coordinates": [[-8.38444, 40.222412], [-8.384484, 40.222415], [-8.384951, 40.222491], [-8.385291, 40.222621], [-8.385492, 40.222741]]}}, {"type": "Feature", "properties": {"id": "coimbra-w985174200-006", "stream_name": "Ribeira de Coselhas", "waterway": "stream", "length_m": 98.2, "center": [-8.385898, 40.223051]}, "geometry": {"type": "LineString", "coordinates": [[-8.385492, 40.222741], [-8.385744, 40.222891], [-8.386027, 40.223183], [-8.386168, 40.223388], [-8.386187, 40.223433]]}}, {"type": "Feature", "properties": {"id": "coimbra-w985174200-007", "stream_name": "Ribeira de Coselhas", "waterway": "stream", "length_m": 98.2, "center": [-8.386363, 40.223856]}, "geometry": {"type": "LineString", "coordinates": [[-8.386187, 40.223433], [-8.38648, 40.224134], [-8.386522, 40.224282]]}}, {"type": "Feature", "properties": {"id": "coimbra-w985174200-008", "stream_name": "Ribeira de Coselhas", "waterway": "stream", "length_m": 98.2, "center": [-8.386648, 40.224716]}, "geometry": {"type": "LineString", "coordinates": [[-8.386522, 40.224282], [-8.386664, 40.224772], [-8.386765, 40.225151]]}}, {"type": "Feature", "properties": {"id": "coimbra-w985174200-009", "stream_name": "Ribeira de Coselhas", "waterway": "stream", "length_m": 98.2, "center": [-8.387082, 40.225512]}, "geometry": {"type": "LineString", "coordinates": [[-8.386765, 40.225151], [-8.386779, 40.225203], [-8.387031, 40.225489], [-8.387405, 40.225657], [-8.387607, 40.225673]]}}, {"type": "Feature", "properties": {"id": "coimbra-w985174200-010", "stream_name": "Ribeira de Coselhas", "waterway": "stream", "length_m": 98.2, "center": [-8.388148, 40.225539]}, "geometry": {"type": "LineString", "coordinates": [[-8.387607, 40.225673], [-8.387689, 40.22568], [-8.387923, 40.225621], [-8.388235, 40.225508], [-8.388369, 40.225508], [-8.388562, 40.225529], [-8.388709, 40.225562]]}}, {"type": "Feature", "properties": {"id": "coimbra-w985174200-011", "stream_name": "Ribeira de Coselhas", "waterway": "stream", "length_m": 98.2, "center": [-8.389105, 40.22585]}, "geometry": {"type": "LineString", "coordinates": [[-8.388709, 40.225562], [-8.388852, 40.225594], [-8.38906, 40.225753], [-8.3891, 40.225819], [-8.389115, 40.225916], [-8.389177, 40.226012], [-8.389349, 40.226118], [-8.389455, 40.226178]]}}, {"type": "Feature", "properties": {"id": "coimbra-w985174200-012", "stream_name": "Ribeira de Coselhas", "waterway": "stream", "length_m": 98.2, "center": [-8.389983, 40.226251]}, "geometry": {"type": "LineString", "coordinates": [[-8.389455, 40.226178], [-8.389645, 40.226285], [-8.389819, 40.22626], [-8.39013, 40.226243], [-8.390372, 40.226247], [-8.39056, 40.226247]]}}, {"type": "Feature", "properties": {"id": "coimbra-w985174200-013", "stream_name": "Ribeira de Coselhas", "waterway": "stream", "length_m": 98.2, "center": [-8.391128, 40.22631]}, "geometry": {"type": "LineString", "coordinates": [[-8.39056, 40.226247], [-8.390619, 40.226247], [-8.39094, 40.226264], [-8.391187, 40.226325], [-8.391455, 40.226497], [-8.391587, 40.226575]]}}, {"type": "Feature", "properties": {"id": "coimbra-w985174200-014", "stream_name": "Ribeira de Coselhas", "waterway": "stream", "length_m": 98.2, "center": [-8.392102, 40.226759]}, "geometry": {"type": "LineString", "coordinates": [[-8.391587, 40.226575], [-8.391718, 40.226653], [-8.392029, 40.226755], [-8.392624, 40.226785], [-8.392677, 40.226774]]}}, {"type": "Feature", "properties": {"id": "coimbra-w985174200-015", "stream_name": "Ribeira de Coselhas", "waterway": "stream", "length_m": 98.2, "center": [-8.393199, 40.226616]}, "geometry": {"type": "LineString", "coordinates": [[-8.392677, 40.226774], [-8.393119, 40.226685], [-8.393325, 40.226507], [-8.393549, 40.226414], [-8.39368, 40.226395]]}}, {"type": "Feature", "properties": {"id": "coimbra-w985174200-016", "stream_name": "Ribeira de Coselhas", "waterway": "stream", "length_m": 98.2, "center": [-8.394254, 40.226403]}, "geometry": {"type": "LineString", "coordinates": [[-8.39368, 40.226395], [-8.393792, 40.226378], [-8.394212, 40.2264], [-8.394707, 40.226443], [-8.394829, 40.226436]]}}, {"type": "Feature", "properties": {"id": "coimbra-w985174200-017", "stream_name": "Ribeira de Coselhas", "waterway": "stream", "length_m": 98.2, "center": [-8.3954, 40.226377]}, "geometry": {"type": "LineString", "coordinates": [[-8.394829, 40.226436], [-8.395202, 40.226414], [-8.395961, 40.226273]]}}, {"type": "Feature", "properties": {"id": "coimbra-w985174200-018", "stream_name": "Ribeira de Coselhas", "waterway": "stream", "length_m": 98.2, "center": [-8.396496, 40.22612]}, "geometry": {"type": "LineString", "coordinates": [[-8.395961, 40.226273], [-8.396314, 40.226207], [-8.396939, 40.225908], [-8.396991, 40.225892]]}}, {"type": "Feature", "properties": {"id": "coimbra-w985174200-019", "stream_name": "Ribeira de Coselhas", "waterway": "stream", "length_m": 98.2, "center": [-8.397523, 40.225721]}, "geometry": {"type": "LineString", "coordinates": [[-8.396991, 40.225892], [-8.397279, 40.225802], [-8.397509, 40.225729], [-8.397696, 40.225623], [-8.397733, 40.225459], [-8.39779, 40.225355]]}}, {"type": "Feature", "properties": {"id": "coimbra-w985174200-020", "stream_name": "Ribeira de Coselhas", "waterway": "stream", "length_m": 98.2, "center": [-8.398026, 40.22495]}, "geometry": {"type": "LineString", "coordinates": [[-8.39779, 40.225355], [-8.397855, 40.225237], [-8.398041, 40.224924], [-8.398294, 40.224631], [-8.398342, 40.224579]]}}, {"type": "Feature", "properties": {"id": "coimbra-w985174200-021", "stream_name": "Ribeira de Coselhas", "waterway": "stream", "length_m": 98.2, "center": [-8.398679, 40.224218]}, "geometry": {"type": "LineString", "coordinates": [[-8.398342, 40.224579], [-8.398845, 40.224039], [-8.399088, 40.223915]]}}, {"type": "Feature", "properties": {"id": "coimbra-w985174202-000", "stream_name": "Ribeira de Coselhas", "waterway": "stream", "length_m": 99.8, "center": [-8.403743, 40.222435]}, "geometry": {"type": "LineString", "coordinates": [[-8.403186, 40.222335], [-8.403336, 40.222335], [-8.403644, 40.222377], [-8.403804, 40.222471], [-8.403995, 40.222566], [-8.404248, 40.22266], [-8.40425, 40.22266]]}}, {"type": "Feature", "properties": {"id": "coimbra-w985174202-001", "stream_name": "Ribeira de Coselhas", "waterway": "stream", "length_m": 99.8, "center": [-8.404809, 40.222778]}, "geometry": {"type": "LineString", "coordinates": [[-8.40425, 40.22266], [-8.404556, 40.222763], [-8.404784, 40.222779], [-8.404931, 40.22277], [-8.405138, 40.222739], [-8.405304, 40.222702], [-8.405384, 40.222692]]}}, {"type": "Feature", "properties": {"id": "coimbra-w985174202-002", "stream_name": "Ribeira de Coselhas", "waterway": "stream", "length_m": 99.8, "center": [-8.405741, 40.223007]}, "geometry": {"type": "LineString", "coordinates": [[-8.405384, 40.222692], [-8.405425, 40.222688], [-8.405508, 40.222702], [-8.405554, 40.222758], [-8.405946, 40.22328], [-8.406078, 40.223371]]}}, {"type": "Feature", "properties": {"id": "coimbra-w985174202-003", "stream_name": "Ribeira de Coselhas", "waterway": "stream", "length_m": 99.8, "center": [-8.406609, 40.22354]}, "geometry": {"type": "LineString", "coordinates": [[-8.406078, 40.223371], [-8.406182, 40.223444], [-8.406467, 40.223526], [-8.406633, 40.223542], [-8.406772, 40.223583], [-8.406987, 40.223689], [-8.407073, 40.223791]]}}, {"type": "Feature", "properties": {"id": "coimbra-w985174202-004", "stream_name": "Ribeira de Coselhas", "waterway": "stream", "length_m": 99.8, "center": [-8.407317, 40.224202]}, "geometry": {"type": "LineString", "coordinates": [[-8.407073, 40.223791], [-8.407105, 40.223829], [-8.407553, 40.224615]]}}, {"type": "Feature", "properties": {"id": "coimbra-w985174202-005", "stream_name": "Ribeira de Coselhas", "waterway": "stream", "length_m": 99.8, "center": [-8.407866, 40.224996]}, "geometry": {"type": "LineString", "coordinates": [[-8.407553, 40.224615], [-8.407588, 40.224678], [-8.407943, 40.225085], [-8.408339, 40.225247]]}}, {"type": "Feature", "properties": {"id": "coimbra-w985174202-006", "stream_name": "Ribeira de Coselhas", "waterway": "stream", "length_m": 99.8, "center": [-8.408879, 40.225423]}, "geometry": {"type": "LineString", "coordinates": [[-8.408339, 40.225247], [-8.40855, 40.225334], [-8.409157, 40.225498], [-8.409446, 40.225532]]}}, {"type": "Feature", "properties": {"id": "coimbra-w985174202-007", "stream_name": "Ribeira de Coselhas", "waterway": "stream", "length_m": 99.8, "center": [-8.410027, 40.225587]}, "geometry": {"type": "LineString", "coordinates": [[-8.409446, 40.225532], [-8.409951, 40.225591], [-8.410614, 40.22556]]}}, {"type": "Feature", "properties": {"id": "coimbra-w985174202-008", "stream_name": "Ribeira de Coselhas", "waterway": "stream", "length_m": 99.8, "center": [-8.4112, 40.22554]}, "geometry": {"type": "LineString", "coordinates": [[-8.410614, 40.22556], [-8.410727, 40.225555], [-8.411399, 40.225534], [-8.411781, 40.225589]]}}, {"type": "Feature", "properties": {"id": "coimbra-w985174202-009", "stream_name": "Ribeira de Coselhas", "waterway": "stream", "length_m": 99.8, "center": [-8.412358, 40.225672]}, "geometry": {"type": "LineString", "coordinates": [[-8.411781, 40.225589], [-8.412389, 40.225676], [-8.412856, 40.225676], [-8.412945, 40.225674]]}}, {"type": "Feature", "properties": {"id": "coimbra-w985174202-010", "stream_name": "Ribeira de Coselhas", "waterway": "stream", "length_m": 99.8, "center": [-8.413529, 40.225643]}, "geometry": {"type": "LineString", "coordinates": [[-8.412945, 40.225674], [-8.413435, 40.225662], [-8.414042, 40.225541], [-8.414096, 40.225528]]}}, {"type": "Feature", "properties": {"id": "coimbra-w985174202-011", "stream_name": "Ribeira de Coselhas", "waterway": "stream", "length_m": 99.8, "center": [-8.414673, 40.225486]}, "geometry": {"type": "LineString", "coordinates": [[-8.414096, 40.225528], [-8.414304, 40.225477], [-8.414659, 40.225484], [-8.415079, 40.225555], [-8.41525, 40.225559]]}}, {"type": "Feature", "properties": {"id": "coimbra-w985174202-012", "stream_name": "Ribeira de Coselhas", "waterway": "stream", "length_m": 99.8, "center": [-8.415833, 40.225514]}, "geometry": {"type": "LineString", "coordinates": [[-8.41525, 40.225559], [-8.415397, 40.225562], [-8.41591, 40.225505], [-8.416237, 40.225334], [-8.416335, 40.225289]]}}, {"type": "Feature", "properties": {"id": "coimbra-w985174202-013", "stream_name": "Ribeira de Coselhas", "waterway": "stream", "length_m": 99.8, "center": [-8.416795, 40.225012]}, "geometry": {"type": "LineString", "coordinates": [[-8.416335, 40.225289], [-8.416545, 40.225192], [-8.416854, 40.22497], [-8.417227, 40.224771], [-8.41726, 40.22474]]}}, {"type": "Feature", "properties": {"id": "coimbra-w985174202-014", "stream_name": "Ribeira de Coselhas", "waterway": "stream", "length_m": 99.8, "center": [-8.417672, 40.224423]}, "geometry": {"type": "LineString", "coordinates": [[-8.41726, 40.22474], [-8.417513, 40.224504], [-8.417766, 40.224376], [-8.418102, 40.224219], [-8.418177, 40.224195]]}}, {"type": "Feature", "properties": {"id": "coimbra-w985174202-015", "stream_name": "Ribeira de Coselhas", "waterway": "stream", "length_m": 99.8, "center": [-8.418739, 40.224081]}, "geometry": {"type": "LineString", "coordinates": [[-8.418177, 40.224195], [-8.418471, 40.224101], [-8.418849, 40.224073], [-8.419211, 40.224139], [-8.419314, 40.224151]]}}, {"type": "Feature", "properties": {"id": "coimbra-w985174203-000", "stream_name": "Ribeira de Coselhas", "waterway": "stream", "length_m": 72.4, "center": [-8.399283, 40.223624]}, "geometry": {"type": "LineString", "coordinates": [[-8.399088, 40.223915], [-8.399477, 40.223332]]}}, {"type": "Feature", "properties": {"id": "coimbra-w1158979502-000", "stream_name": "Ribeira dos Covões", "waterway": "stream", "length_m": 103.6, "center": [-8.446808, 40.215186]}, "geometry": {"type": "LineString", "coordinates": [[-8.44735, 40.214971], [-8.447035, 40.215093], [-8.446556, 40.215289], [-8.446275, 40.215414]]}}, {"type": "Feature", "properties": {"id": "coimbra-w1158979502-001", "stream_name": "Ribeira dos Covões", "waterway": "stream", "length_m": 103.6, "center": [-8.44576, 40.215663]}, "geometry": {"type": "LineString", "coordinates": [[-8.446275, 40.215414], [-8.445934, 40.215565], [-8.445627, 40.215737], [-8.445294, 40.215964]]}}, {"type": "Feature", "properties": {"id": "coimbra-w1158979502-002", "stream_name": "Ribeira dos Covões", "waterway": "stream", "length_m": 103.6, "center": [-8.444869, 40.2163]}, "geometry": {"type": "LineString", "coordinates": [[-8.445294, 40.215964], [-8.445226, 40.21601], [-8.444725, 40.216418], [-8.444476, 40.216658]]}}, {"type": "Feature", "properties": {"id": "coimbra-w1158979502-003", "stream_name": "Ribeira dos Covões", "waterway": "stream", "length_m": 103.6, "center": [-8.444104, 40.217029]}, "geometry": {"type": "LineString", "coordinates": [[-8.444476, 40.216658], [-8.444447, 40.216685], [-8.443843, 40.217289], [-8.44373, 40.217399]]}}, {"type": "Feature", "properties": {"id": "coimbra-w1158979503-000", "stream_name": "Ribeira dos Covões", "waterway": "stream", "length_m": 105.3, "center": [-8.447641, 40.214553]}, "geometry": {"type": "LineString", "coordinates": [[-8.447973, 40.21415], [-8.44746, 40.214774], [-8.44735, 40.214971]]}}, {"type": "Feature", "properties": {"id": "coimbra-w1286274943-000", "stream_name": "Ribeira das Eiras", "waterway": "stream", "length_m": 63.2, "center": [-8.442754, 40.250046]}, "geometry": {"type": "LineString", "coordinates": [[-8.442445, 40.250205], [-8.443063, 40.249887]]}}, {"type": "Feature", "properties": {"id": "coimbra-w1286274944-000", "stream_name": "Ribeira das Eiras", "waterway": "stream", "length_m": 63.3, "center": [-8.442752, 40.249992]}, "geometry": {"type": "LineString", "coordinates": [[-8.442447, 40.250155], [-8.443057, 40.249828]]}}, {"type": "Feature", "properties": {"id": "coimbra-w1327409277-000", "stream_name": "Ribeira dos Covões", "waterway": "stream", "length_m": 96.1, "center": [-8.457777, 40.194237]}, "geometry": {"type": "LineString", "coordinates": [[-8.458149, 40.193918], [-8.457812, 40.194163], [-8.457753, 40.194287], [-8.457781, 40.194561], [-8.457819, 40.194663]]}}, {"type": "Feature", "properties": {"id": "coimbra-w1327409277-001", "stream_name": "Ribeira dos Covões", "waterway": "stream", "length_m": 96.1, "center": [-8.457854, 40.195089]}, "geometry": {"type": "LineString", "coordinates": [[-8.457819, 40.194663], [-8.457884, 40.194836], [-8.457832, 40.19528], [-8.457864, 40.195363], [-8.457819, 40.195516]]}}, {"type": "Feature", "properties": {"id": "coimbra-w1327409277-002", "stream_name": "Ribeira dos Covões", "waterway": "stream", "length_m": 96.1, "center": [-8.4578, 40.195949]}, "geometry": {"type": "LineString", "coordinates": [[-8.457819, 40.195516], [-8.457809, 40.195551], [-8.457802, 40.19586], [-8.457794, 40.196132], [-8.457673, 40.196366]]}}, {"type": "Feature", "properties": {"id": "coimbra-w1327409277-003", "stream_name": "Ribeira dos Covões", "waterway": "stream", "length_m": 96.1, "center": [-8.457453, 40.196766]}, "geometry": {"type": "LineString", "coordinates": [[-8.457673, 40.196366], [-8.457561, 40.196585], [-8.457436, 40.196794], [-8.457331, 40.197091], [-8.457281, 40.197179]]}}, {"type": "Feature", "properties": {"id": "coimbra-w1327409278-000", "stream_name": "Ribeira dos Covões", "waterway": "stream", "length_m": 48.3, "center": [-8.458305, 40.193735]}, "geometry": {"type": "LineString", "coordinates": [[-8.458461, 40.193553], [-8.458149, 40.193918]]}}, {"type": "Feature", "properties": {"id": "coimbra-w1327409280-000", "stream_name": "Ribeira dos Covões", "waterway": "stream", "length_m": 99.2, "center": [-8.45513, 40.17846]}, "geometry": {"type": "LineString", "coordinates": [[-8.454689, 40.178166], [-8.455365, 40.178617], [-8.455596, 40.178728]]}}, {"type": "Feature", "properties": {"id": "coimbra-w1327409280-001", "stream_name": "Ribeira dos Covões", "waterway": "stream", "length_m": 99.2, "center": [-8.456104, 40.178942]}, "geometry": {"type": "LineString", "coordinates": [[-8.455596, 40.178728], [-8.455998, 40.17892], [-8.456668, 40.179056]]}}, {"type": "Feature", "properties": {"id": "coimbra-w1327409280-002", "stream_name": "Ribeira dos Covões", "waterway": "stream", "length_m": 99.2, "center": [-8.457245, 40.179124]}, "geometry": {"type": "LineString", "coordinates": [[-8.456668, 40.179056], [-8.456685, 40.17906], [-8.457543, 40.179158], [-8.45776, 40.179297]]}}, {"type": "Feature", "properties": {"id": "coimbra-w1327409280-003", "stream_name": "Ribeira dos Covões", "waterway": "stream", "length_m": 99.2, "center": [-8.458232, 40.179558]}, "geometry": {"type": "LineString", "coordinates": [[-8.45776, 40.179297], [-8.458015, 40.179461], [-8.458737, 40.179782]]}}, {"type": "Feature", "properties": {"id": "coimbra-w1327409280-004", "stream_name": "Ribeira dos Covões", "waterway": "stream", "length_m": 99.2, "center": [-8.459194, 40.180056]}, "geometry": {"type": "LineString", "coordinates": [[-8.458737, 40.179782], [-8.458932, 40.179869], [-8.459524, 40.180293], [-8.459619, 40.180364]]}}, {"type": "Feature", "properties": {"id": "coimbra-w1327409280-005", "stream_name": "Ribeira dos Covões", "waterway": "stream", "length_m": 99.2, "center": [-8.460035, 40.180679]}, "geometry": {"type": "LineString", "coordinates": [[-8.459619, 40.180364], [-8.460451, 40.180993]]}}, {"type": "Feature", "properties": {"id": "coimbra-w1327409280-006", "stream_name": "Ribeira dos Covões", "waterway": "stream", "length_m": 99.2, "center": [-8.46083, 40.181332]}, "geometry": {"type": "LineString", "coordinates": [[-8.460451, 40.180993], [-8.460682, 40.181168], [-8.461089, 40.18162], [-8.461141, 40.18171]]}}, {"type": "Feature", "properties": {"id": "coimbra-w1327409280-007", "stream_name": "Ribeira dos Covões", "waterway": "stream", "length_m": 99.2, "center": [-8.461379, 40.182119]}, "geometry": {"type": "LineString", "coordinates": [[-8.461141, 40.18171], [-8.461533, 40.182383], [-8.461519, 40.182542]]}}, {"type": "Feature", "properties": {"id": "coimbra-w1327409280-008", "stream_name": "Ribeira dos Covões", "waterway": "stream", "length_m": 99.2, "center": [-8.461481, 40.18299]}, "geometry": {"type": "LineString", "coordinates": [[-8.461519, 40.182542], [-8.461476, 40.183042], [-8.461635, 40.183419]]}}, {"type": "Feature", "properties": {"id": "coimbra-w1327409280-009", "stream_name": "Ribeira dos Covões", "waterway": "stream", "length_m": 99.2, "center": [-8.461814, 40.183846]}, "geometry": {"type": "LineString", "coordinates": [[-8.461635, 40.183419], [-8.461972, 40.184222], [-8.461999, 40.184271]]}}, {"type": "Feature", "properties": {"id": "coimbra-w1327409280-010", "stream_name": "Ribeira dos Covões", "waterway": "stream", "length_m": 99.2, "center": [-8.462225, 40.184685]}, "geometry": {"type": "LineString", "coordinates": [[-8.461999, 40.184271], [-8.462451, 40.185099]]}}, {"type": "Feature", "properties": {"id": "coimbra-w1327409280-011", "stream_name": "Ribeira dos Covões", "waterway": "stream", "length_m": 99.2, "center": [-8.462639, 40.185523]}, "geometry": {"type": "LineString", "coordinates": [[-8.462451, 40.185099], [-8.462525, 40.185235], [-8.462769, 40.185856], [-8.462763, 40.185957]]}}, {"type": "Feature", "properties": {"id": "coimbra-w1327409280-012", "stream_name": "Ribeira dos Covões", "waterway": "stream", "length_m": 99.2, "center": [-8.462734, 40.186405]}, "geometry": {"type": "LineString", "coordinates": [[-8.462763, 40.185957], [-8.462758, 40.186032], [-8.462712, 40.186751], [-8.462701, 40.186852]]}}, {"type": "Feature", "properties": {"id": "coimbra-w1327409280-013", "stream_name": "Ribeira dos Covões", "waterway": "stream", "length_m": 99.2, "center": [-8.462653, 40.1873]}, "geometry": {"type": "LineString", "coordinates": [[-8.462701, 40.186852], [-8.462604, 40.187747]]}}, {"type": "Feature", "properties": {"id": "coimbra-w1327409280-014", "stream_name": "Ribeira dos Covões", "waterway": "stream", "length_m": 99.2, "center": [-8.462522, 40.18819]}, "geometry": {"type": "LineString", "coordinates": [[-8.462604, 40.187747], [-8.462582, 40.187949], [-8.462501, 40.188272], [-8.462316, 40.188608]]}}, {"type": "Feature", "properties": {"id": "coimbra-w1327409280-015", "stream_name": "Ribeira dos Covões", "waterway": "stream", "length_m": 99.2, "center": [-8.462045, 40.189005]}, "geometry": {"type": "LineString", "coordinates": [[-8.462316, 40.188608], [-8.46229, 40.188657], [-8.461767, 40.1894]]}}, {"type": "Feature", "properties": {"id": "coimbra-w1327409280-016", "stream_name": "Ribeira dos Covões", "waterway": "stream", "length_m": 99.2, "center": [-8.461497, 40.189797]}, "geometry": {"type": "LineString", "coordinates": [[-8.461767, 40.1894], [-8.46159, 40.189651], [-8.46124, 40.1902]]}}, {"type": "Feature", "properties": {"id": "coimbra-w1327409280-017", "stream_name": "Ribeira dos Covões", "waterway": "stream", "length_m": 99.2, "center": [-8.460983, 40.190603]}, "geometry": {"type": "LineString", "coordinates": [[-8.46124, 40.1902], [-8.460977, 40.190613], [-8.460841, 40.191038]]}}, {"type": "Feature", "properties": {"id": "coimbra-w1355285721-000", "stream_name": "Vala Real", "waterway": "stream", "length_m": 97.6, "center": [-8.453089, 40.218975]}, "geometry": {"type": "LineString", "coordinates": [[-8.452521, 40.219026], [-8.452744, 40.218989], [-8.453226, 40.218969], [-8.453659, 40.218921]]}}, {"type": "Feature", "properties": {"id": "coimbra-w1355285721-001", "stream_name": "Vala Real", "waterway": "stream", "length_m": 97.6, "center": [-8.454227, 40.218858]}, "geometry": {"type": "LineString", "coordinates": [[-8.453659, 40.218921], [-8.454254, 40.218855], [-8.454789, 40.21877]]}}, {"type": "Feature", "properties": {"id": "coimbra-w1415300233-000", "stream_name": "Ribeira dos Covões", "waterway": "stream", "length_m": 100.7, "center": [-8.456807, 40.197565]}, "geometry": {"type": "LineString", "coordinates": [[-8.457187, 40.197221], [-8.456941, 40.197397], [-8.456762, 40.197622], [-8.456625, 40.197997]]}}, {"type": "Feature", "properties": {"id": "coimbra-w1415300233-001", "stream_name": "Ribeira dos Covões", "waterway": "stream", "length_m": 100.7, "center": [-8.456172, 40.198274]}, "geometry": {"type": "LineString", "coordinates": [[-8.456625, 40.197997], [-8.456607, 40.198047], [-8.456406, 40.19816], [-8.456279, 40.19822], [-8.456078, 40.198321], [-8.4558, 40.198596], [-8.455774, 40.198602]]}}, {"type": "Feature", "properties": {"id": "coimbra-w1415300233-002", "stream_name": "Ribeira dos Covões", "waterway": "stream", "length_m": 100.7, "center": [-8.455257, 40.19876]}, "geometry": {"type": "LineString", "coordinates": [[-8.455774, 40.198602], [-8.455504, 40.198666], [-8.455313, 40.198681], [-8.455217, 40.198817], [-8.455094, 40.199106], [-8.455102, 40.199193]]}}, {"type": "Feature", "properties": {"id": "coimbra-w1415300235-000", "stream_name": "Ribeira dos Covões", "waterway": "stream", "length_m": 113.2, "center": [-8.460114, 40.191337]}, "geometry": {"type": "LineString", "coordinates": [[-8.460657, 40.191194], [-8.460242, 40.191172], [-8.460098, 40.191358], [-8.459755, 40.191768]]}}, {"type": "Feature", "properties": {"id": "coimbra-w1415300235-001", "stream_name": "Ribeira dos Covões", "waterway": "stream", "length_m": 113.2, "center": [-8.459395, 40.192199]}, "geometry": {"type": "LineString", "coordinates": [[-8.459755, 40.191768], [-8.459148, 40.192494], [-8.459048, 40.192635]]}}, {"type": "Feature", "properties": {"id": "coimbra-w1415300235-002", "stream_name": "Ribeira dos Covões", "waterway": "stream", "length_m": 113.2, "center": [-8.458732, 40.193086]}, "geometry": {"type": "LineString", "coordinates": [[-8.459048, 40.192635], [-8.458937, 40.192789], [-8.458713, 40.193112], [-8.458526, 40.193463], [-8.458461, 40.193553]]}}, {"type": "Feature", "properties": {"id": "coimbra-w1533049821-000", "stream_name": "Vala Real", "waterway": "stream", "length_m": 108.0, "center": [-8.455478, 40.218616]}, "geometry": {"type": "LineString", "coordinates": [[-8.454875, 40.218757], [-8.455279, 40.218693], [-8.456046, 40.218396]]}}, {"type": "Feature", "properties": {"id": "coimbra-w1533049821-001", "stream_name": "Vala Real", "waterway": "stream", "length_m": 108.0, "center": [-8.456613, 40.218176]}, "geometry": {"type": "LineString", "coordinates": [[-8.456046, 40.218396], [-8.456864, 40.218079], [-8.457198, 40.217988]]}}, {"type": "Feature", "properties": {"id": "coimbra-w1533049821-002", "stream_name": "Vala Real", "waterway": "stream", "length_m": 108.0, "center": [-8.457797, 40.217826]}, "geometry": {"type": "LineString", "coordinates": [[-8.457198, 40.217988], [-8.4581, 40.217743], [-8.458389, 40.217649]]}}, {"type": "Feature", "properties": {"id": "coimbra-w1533049821-003", "stream_name": "Vala Real", "waterway": "stream", "length_m": 108.0, "center": [-8.458973, 40.217457]}, "geometry": {"type": "LineString", "coordinates": [[-8.458389, 40.217649], [-8.459141, 40.217402], [-8.459553, 40.217258]]}}, {"type": "Feature", "properties": {"id": "coimbra-w1533049829-000", "stream_name": "Vala Real", "waterway": "stream", "length_m": 90.7, "center": [-8.460217, 40.216931]}, "geometry": {"type": "LineString", "coordinates": [[-8.459721, 40.217048], [-8.460019, 40.216929], [-8.460465, 40.216932], [-8.460727, 40.216845]]}}, {"type": "Feature", "properties": {"id": "coimbra-w1533049829-001", "stream_name": "Vala Real", "waterway": "stream", "length_m": 90.7, "center": [-8.461232, 40.216717]}, "geometry": {"type": "LineString", "coordinates": [[-8.460727, 40.216845], [-8.460936, 40.216775], [-8.46135, 40.216693], [-8.461756, 40.216748]]}}, {"type": "Feature", "properties": {"id": "coimbra-w1533049829-002", "stream_name": "Vala Real", "waterway": "stream", "length_m": 90.7, "center": [-8.462282, 40.216816]}, "geometry": {"type": "LineString", "coordinates": [[-8.461756, 40.216748], [-8.462271, 40.216817], [-8.462582, 40.216791], [-8.462762, 40.216716], [-8.462789, 40.216711]]}}, {"type": "Feature", "properties": {"id": "coimbra-w1533049844-000", "stream_name": "Ribeira dos Covões", "waterway": "stream", "length_m": 69.8, "center": [-8.443413, 40.217745]}, "geometry": {"type": "LineString", "coordinates": [[-8.443643, 40.217484], [-8.443509, 40.217616], [-8.44321, 40.218019]]}}, {"type": "Feature", "properties": {"id": "coimbra-w1534596210-000", "stream_name": "Ribeira de Misarela", "waterway": "stream", "length_m": 44.4, "center": [-8.360106, 40.205938]}, "geometry": {"type": "LineString", "coordinates": [[-8.36, 40.206121], [-8.360098, 40.20597], [-8.360135, 40.205825], [-8.360147, 40.20574]]}}, {"type": "Feature", "properties": {"id": "coimbra-w1534596212-000", "stream_name": "Ribeira de Misarela", "waterway": "stream", "length_m": 103.7, "center": [-8.360339, 40.205205]}, "geometry": {"type": "LineString", "coordinates": [[-8.360197, 40.205659], [-8.360238, 40.205593], [-8.360335, 40.205221], [-8.360377, 40.205069], [-8.360537, 40.204762]]}}, {"type": "Feature", "properties": {"id": "coimbra-w1537208313-000", "stream_name": "Ribeira de Coselhas", "waterway": "stream", "length_m": 130.6, "center": [-8.400163, 40.222818]}, "geometry": {"type": "LineString", "coordinates": [[-8.399586, 40.223208], [-8.399782, 40.223065], [-8.400091, 40.222864], [-8.400363, 40.222693], [-8.40056, 40.222582], [-8.400824, 40.222555]]}}, {"type": "Feature", "properties": {"id": "coimbra-w1537208315-000", "stream_name": "Ribeira de Coselhas", "waterway": "stream", "length_m": 84.7, "center": [-8.4016, 40.222472]}, "geometry": {"type": "LineString", "coordinates": [[-8.401106, 40.222525], [-8.401456, 40.222489], [-8.402093, 40.222416]]}}, {"type": "Feature", "properties": {"id": "coimbra-w1537208315-001", "stream_name": "Ribeira de Coselhas", "waterway": "stream", "length_m": 84.7, "center": [-8.402586, 40.222359]}, "geometry": {"type": "LineString", "coordinates": [[-8.402093, 40.222416], [-8.40288, 40.222325], [-8.403059, 40.222335], [-8.403081, 40.222335]]}}, {"type": "Feature", "properties": {"id": "coimbra-w1550035575-000", "stream_name": "Ribeira dos Covões", "waterway": "stream", "length_m": 110.1, "center": [-8.450549, 40.211378]}, "geometry": {"type": "LineString", "coordinates": [[-8.450618, 40.210884], [-8.450614, 40.211085], [-8.450441, 40.211869]]}}, {"type": "Feature", "properties": {"id": "coimbra-w1550035575-001", "stream_name": "Ribeira dos Covões", "waterway": "stream", "length_m": 110.1, "center": [-8.450098, 40.212285]}, "geometry": {"type": "LineString", "coordinates": [[-8.450441, 40.211869], [-8.450431, 40.211913], [-8.450347, 40.212038], [-8.450109, 40.212277], [-8.449838, 40.21248], [-8.449622, 40.212623]]}}, {"type": "Feature", "properties": {"id": "coimbra-w1550035575-002", "stream_name": "Ribeira dos Covões", "waterway": "stream", "length_m": 110.1, "center": [-8.449153, 40.212964]}, "geometry": {"type": "LineString", "coordinates": [[-8.449622, 40.212623], [-8.449521, 40.212691], [-8.449334, 40.212805], [-8.448951, 40.213144], [-8.448753, 40.213355]]}}, {"type": "Feature", "properties": {"id": "coimbra-w1550035575-003", "stream_name": "Ribeira dos Covões", "waterway": "stream", "length_m": 110.1, "center": [-8.44837, 40.213757]}, "geometry": {"type": "LineString", "coordinates": [[-8.448753, 40.213355], [-8.448488, 40.213639], [-8.44803, 40.214095], [-8.447973, 40.21415]]}}]}