{"type": "FeatureCollection", "attribution": "(c) OpenStreetMap contributors, ODbL 1.0", "fetched_at": "2026-10-02T08:02:36Z", "features": [{"type": "Feature", "properties": {"osm_id": 23252421, "name": "Rio Mondego", "waterway": "river", "intermittent": null, "tunnel": null}, "geometry": {"type": "LineString", "coordinates": [[-8.3543247, 40.2053995], [-8.3544271, 40.2053341], [-8.3549515, 40.2049991], [-8.3556194, 40.2047742], [-8.3564954, 40.2045948], [-8.3574181, 40.2045771], [-8.3586969, 40.2046873], [-8.3600037, 40.204789], [-8.3605373, 40.2047624], [-8.361458, 40.2047164], [-8.3634829, 40.2044686], [-8.3643927, 40.2042523], [-8.3651737, 40.2039311], [-8.3658175, 40.2034657], [-8.3661326, 40.202913], [-8.3662259, 40.2027494], [-8.3664358, 40.2024003], [-8.3667479, 40.2018812], [-8.3671389, 40.2011032], [-8.3673406, 40.2003956], [-8.3675681, 40.1998252], [-8.3676894, 40.199558], [-8.3681621, 40.1990971], [-8.3691312, 40.1987062], [-8.3696925, 40.1983923], [-8.3700143, 40.198209], [-8.370135, 40.1981403], [-8.3705553, 40.1980441], [-8.3713021, 40.1978868], [-8.3726315, 40.197729], [-8.3735937, 40.1973885], [-8.3741621, 40.1972504], [-8.3747267, 40.1971132], [-8.3754734, 40.1968641], [-8.376409, 40.1964642], [-8.377293, 40.1959003], [-8.3778168, 40.1954475], [-8.3783125, 40.1949668], [-8.3789347, 40.1942993], [-8.3792244, 40.1940412], [-8.3795462, 40.1937789], [-8.3800521, 40.1934548], [-8.3804528, 40.1932544], [-8.3812199, 40.192984], [-8.3817698, 40.1930311], [-8.3824993, 40.192863], [-8.3836173, 40.1925007], [-8.3845648, 40.1921726], [-8.3853849, 40.1917266], [-8.3861689, 40.1913418], [-8.3870602, 40.1908363], [-8.3883565, 40.1898786], [-8.3897018, 40.1889359], [-8.3907999, 40.1881782], [-8.3917311, 40.1876838], [-8.3929421, 40.1869372], [-8.3942103, 40.1858753], [-8.3949823, 40.1851794], [-8.3959612, 40.1844065], [-8.3972658, 40.1834229], [-8.3982865, 40.1830722], [-8.3991481, 40.1826463], [-8.4009222, 40.1816131], [-8.4048661, 40.1798665], [-8.4144155, 40.1782803], [-8.4180271, 40.1787937], [-8.4198449, 40.1795821], [-8.4223544, 40.1833245], [-8.4238363, 40.1878282], [-8.4238267, 40.1914605], [-8.4241872, 40.1956678], [-8.4258924, 40.1987881], [-8.4267759, 40.2004047], [-8.429179, 40.2048015], [-8.4345324, 40.2090779], [-8.4395428, 40.2147735], [-8.43975, 40.2151533]]}}, {"type": "Feature", "properties": {"osm_id": 23392592, "name": "Rio Ceira", "waterway": "river", "intermittent": null, "tunnel": null}, "geometry": {"type": "LineString", "coordinates": [[-8.2676719, 40.1595029], [-8.268969, 40.1596144], [-8.2714055, 40.1596316], [-8.2715809, 40.1596166], [-8.2724736, 40.1595402], [-8.2731264, 40.1594861], [-8.2737664, 40.1596878], [-8.2745593, 40.1600428], [-8.2755656, 40.1607213], [-8.2761276, 40.1611569], [-8.2767302, 40.1615404], [-8.2779179, 40.1620463], [-8.2786378, 40.162232], [-8.2799419, 40.1623189], [-8.2806709, 40.1622173], [-8.2809582, 40.1621182], [-8.2812162, 40.162142], [-8.2820895, 40.1622979], [-8.2836361, 40.1626267], [-8.2839918, 40.1627373], [-8.2842798, 40.1629309], [-8.2844513, 40.1631473], [-8.2845491, 40.1632707], [-8.2845444, 40.1634321], [-8.2846038, 40.1635766], [-8.284834, 40.1637868], [-8.2854085, 40.1641165], [-8.2864803, 40.1648478], [-8.2876664, 40.1653365], [-8.2883878, 40.1656546], [-8.2901998, 40.1664537], [-8.2914271, 40.1668517], [-8.2922087, 40.1674441], [-8.2927318, 40.1678913], [-8.2931041, 40.1681616], [-8.2931845, 40.16822], [-8.2937177, 40.1687013], [-8.2941761, 40.1690123], [-8.2946753, 40.1694055], [-8.2952053, 40.1697859], [-8.2962755, 40.17045], [-8.2974337, 40.1711608], [-8.2978051, 40.1712429], [-8.2979567, 40.1712764], [-8.298834, 40.1711987], [-8.2992803, 40.1711004], [-8.29997, 40.1709878], [-8.3011877, 40.171039], [-8.3023738, 40.171012], [-8.3034498, 40.1708135], [-8.3034946, 40.1708052], [-8.3041277, 40.1708085], [-8.3043796, 40.1710294], [-8.3044822, 40.1712797], [-8.3044741, 40.1715544], [-8.3043067, 40.1718654], [-8.3039661, 40.1722025], [-8.3035839, 40.1724916], [-8.3032439, 40.1725274], [-8.3030749, 40.1726873], [-8.3029195, 40.1731433], [-8.3031006, 40.173678], [-8.3033171, 40.1739856], [-8.3037038, 40.1743754], [-8.3042552, 40.1745673], [-8.3050664, 40.1745722], [-8.3057488, 40.1745443], [-8.3063549, 40.1744574], [-8.3070738, 40.1741828], [-8.3073484, 40.1737565], [-8.3085157, 40.1731531], [-8.3093225, 40.1729336], [-8.3119489, 40.1721628], [-8.314438, 40.1712906], [-8.3163097, 40.1706995], [-8.3168631, 40.1705247], [-8.317013, 40.1704773], [-8.3176087, 40.1703207], [-8.3183552, 40.1703514], [-8.3186847, 40.170356], [-8.318997, 40.1703604], [-8.3194965, 40.1699667], [-8.320056, 40.1697667], [-8.3208075, 40.1699638], [-8.3216004, 40.1703459], [-8.3226845, 40.1711399], [-8.3229871, 40.1715719], [-8.3234232, 40.1721478], [-8.3237902, 40.1723124], [-8.3241372, 40.1723515], [-8.3254767, 40.1722749], [-8.3264927, 40.1722864], [-8.32854, 40.1721169], [-8.3291519, 40.1721607], [-8.3297929, 40.1724069], [-8.3300531, 40.172669], [-8.3302612, 40.1730041], [-8.3302141, 40.1733002], [-8.3300424, 40.1735871], [-8.3296472, 40.1739008], [-8.3290199, 40.1741362], [-8.3282034, 40.1743936], [-8.3269436, 40.1745548], [-8.3268259, 40.1745699], [-8.3257712, 40.1746617], [-8.3251508, 40.1746705], [-8.3247583, 40.1747582], [-8.3244996, 40.1749757], [-8.3244642, 40.1752747], [-8.3245336, 40.1756356], [-8.3244977, 40.1758829], [-8.3243797, 40.1759778], [-8.3240698, 40.1762643], [-8.3231928, 40.1765437], [-8.3222863, 40.1767899], [-8.3212162, 40.1768983], [-8.3200603, 40.1769324], [-8.3191984, 40.1768924], [-8.3188707, 40.176925], [-8.3184685, 40.1771051], [-8.3182164, 40.1773192], [-8.3179252, 40.1776096], [-8.3178437, 40.1777669], [-8.317837, 40.1779384], [-8.318069, 40.178245], [-8.3182807, 40.1783809], [-8.3185485, 40.1784455], [-8.3191451, 40.1784403], [-8.3196292, 40.1784827], [-8.3197159, 40.1784903], [-8.3207785, 40.1784674], [-8.3210891, 40.1784292], [-8.3214254, 40.1784942], [-8.3216911, 40.1787007], [-8.3223364, 40.1794732], [-8.3230756, 40.1802921], [-8.3239259, 40.1809524], [-8.3240567, 40.181054], [-8.3245461, 40.1812228], [-8.3253555, 40.1815019], [-8.3260459, 40.1817769], [-8.3270624, 40.1821601], [-8.3280023, 40.1827618], [-8.3291599, 40.1831802], [-8.3299775, 40.1836298], [-8.3314478, 40.1848445], [-8.3329273, 40.1857261], [-8.3333152, 40.1861285], [-8.3333179, 40.1862314], [-8.3333259, 40.1865346], [-8.3329778, 40.1869174], [-8.3326157, 40.187569], [-8.3329729, 40.1881062], [-8.3339128, 40.1883841], [-8.3350865, 40.1889205], [-8.3366857, 40.1893774], [-8.3372348, 40.1895073], [-8.3376491, 40.1896053], [-8.3381616, 40.1892847], [-8.3382601, 40.1889381], [-8.3382081, 40.1883193], [-8.3381373, 40.1875473], [-8.3383036, 40.1866887], [-8.3387268, 40.1860162], [-8.3393759, 40.1857314], [-8.3399451, 40.1856642], [-8.3407798, 40.1862219], [-8.3413854, 40.1868297], [-8.3424132, 40.1876866], [-8.3431594, 40.1886037], [-8.3440698, 40.1892049], [-8.3448406, 40.1893635], [-8.3454401, 40.1890486], [-8.3456319, 40.1886373], [-8.3460541, 40.1880284], [-8.3463915, 40.1870157], [-8.3464419, 40.1865252], [-8.3462794, 40.1857564], [-8.3461624, 40.1850105], [-8.3461446, 40.1843092], [-8.3461426, 40.1842302], [-8.3461335, 40.183706], [-8.3465359, 40.1832032], [-8.3467863, 40.1830729], [-8.3477487, 40.1828687], [-8.3485625, 40.1826392], [-8.3491231, 40.1826626], [-8.3496311, 40.1828372], [-8.3501997, 40.1827433], [-8.3507887, 40.1823524], [-8.3515092, 40.1818523], [-8.3523237, 40.1814423], [-8.3529119, 40.1813523], [-8.3534543, 40.1814814], [-8.354237, 40.181715], [-8.3550105, 40.1819163], [-8.3555652, 40.1821646], [-8.3560979, 40.1827274], [-8.3565549, 40.1831614], [-8.3571954, 40.1833618], [-8.3582335, 40.1833196], [-8.3589241, 40.1831473], [-8.3595139, 40.1828278], [-8.3601686, 40.1824128], [-8.3606287, 40.1823163], [-8.3612552, 40.1824245], [-8.3621269, 40.182761], [-8.3628329, 40.1830151], [-8.3634584, 40.1831552], [-8.3641472, 40.1828663], [-8.3645388, 40.1825724], [-8.3650548, 40.1822806], [-8.365576, 40.1819538], [-8.3660738, 40.1818227], [-8.3665201, 40.1816587], [-8.3670694, 40.1812981], [-8.3671786, 40.1810667], [-8.3672703, 40.1805872], [-8.3673653, 40.1799814], [-8.3672457, 40.1794072], [-8.3672152, 40.1793048], [-8.3671394, 40.1790506], [-8.367162, 40.1788162], [-8.3672479, 40.1785662], [-8.3673299, 40.1784561], [-8.3674742, 40.1783708], [-8.3676955, 40.1782821], [-8.367813, 40.1782554], [-8.3679978, 40.1782932], [-8.368312, 40.1783767], [-8.3684328, 40.1784088], [-8.3689392, 40.178585], [-8.3696377, 40.178933], [-8.3700867, 40.1790748], [-8.3706446, 40.1791629], [-8.3714423, 40.1791199], [-8.3722021, 40.1785898], [-8.3722695, 40.1782161], [-8.3723639, 40.1778399], [-8.372476, 40.1772513], [-8.3725956, 40.1767013], [-8.3729958, 40.1761266], [-8.373389, 40.1756282], [-8.373462, 40.1751421], [-8.3735344, 40.1747047], [-8.3735591, 40.1740067], [-8.3737136, 40.1736612], [-8.3740885, 40.1733238], [-8.3746352, 40.1733595], [-8.3751367, 40.1735513], [-8.3760133, 40.1737931], [-8.3768979, 40.1741006], [-8.3776907, 40.1744281], [-8.3787363, 40.1745314], [-8.3799078, 40.174442], [-8.381066, 40.1743663], [-8.3818698, 40.1743517], [-8.3826234, 40.1744332], [-8.383499, 40.174265], [-8.3841733, 40.1740833], [-8.3847781, 40.1736452], [-8.385269, 40.1730977], [-8.3856519, 40.1725554], [-8.3857088, 40.1721877], [-8.3857483, 40.1715854], [-8.3857915, 40.1710535], [-8.3860935, 40.1706272], [-8.3863818, 40.1703979], [-8.3869028, 40.170025], [-8.3874986, 40.1697901], [-8.3880944, 40.1697583], [-8.3886405, 40.1698536], [-8.3892777, 40.1701011], [-8.3897528, 40.1702297], [-8.3897916, 40.1702403], [-8.3901216, 40.1703296], [-8.3909078, 40.1703741], [-8.3917998, 40.170262], [-8.3923834, 40.1700325], [-8.3928984, 40.1697701], [-8.3938254, 40.1694422], [-8.3945292, 40.1689634], [-8.39513, 40.1684781], [-8.3956183, 40.1683413], [-8.3964192, 40.1684015], [-8.3969374, 40.1684874], [-8.3970173, 40.1685007], [-8.3976005, 40.1685618], [-8.3981557, 40.1687204], [-8.398698, 40.1690168], [-8.3990451, 40.1693681], [-8.3991266, 40.1696891], [-8.3990226, 40.1701228], [-8.3988681, 40.1705532], [-8.3986476, 40.170793], [-8.398226, 40.1708954], [-8.3979427, 40.1707192], [-8.3978081, 40.1704913], [-8.3973473, 40.1704495], [-8.397034, 40.1706524], [-8.3967851, 40.1711066], [-8.396526, 40.1716316], [-8.3961215, 40.1722916], [-8.3957648, 40.1726433], [-8.3951296, 40.1726994], [-8.3944823, 40.1727106]]}}, {"type": "Feature", "properties": {"osm_id": 23392631, "name": "Rio Ceira", "waterway": "river", "intermittent": null, "tunnel": null}, "geometry": {"type": "LineString", "coordinates": [[-8.3944823, 40.1727106], [-8.3941001, 40.172816], [-8.3938021, 40.1733147], [-8.3937252, 40.1736105], [-8.3937921, 40.1738178], [-8.3936289, 40.1743258], [-8.3934769, 40.1748471], [-8.3930846, 40.1754285], [-8.3928817, 40.1759362], [-8.3926698, 40.176133], [-8.3925775, 40.1763078], [-8.3923576, 40.176558], [-8.3922371, 40.1769958], [-8.3924362, 40.1775248], [-8.392611, 40.1779733], [-8.3927591, 40.1782275], [-8.3928451, 40.1785745], [-8.3929896, 40.1787032], [-8.3938277, 40.1789898], [-8.3943905, 40.1797615], [-8.3942961, 40.1804728], [-8.3946262, 40.1811178], [-8.3946591, 40.1818885], [-8.3948414, 40.1821999], [-8.3953418, 40.1825759], [-8.3965899, 40.1830989], [-8.3972658, 40.1834229]]}}, {"type": "Feature", "properties": {"osm_id": 96922323, "name": "Rio Mondego", "waterway": "river", "intermittent": null, "tunnel": null}, "geometry": {"type": "LineString", "coordinates": [[-8.4407468, 40.2161429], [-8.4427166, 40.2178373], [-8.4429694, 40.2179304], [-8.4432096, 40.2180188], [-8.444426, 40.2184667], [-8.4451383, 40.218729], [-8.4535371, 40.2201233], [-8.4598401, 40.2203052], [-8.4648369, 40.2197604], [-8.4758025, 40.2178195], [-8.4762007, 40.2177491], [-8.4765267, 40.2176914], [-8.479479, 40.2171688], [-8.4905648, 40.2152722], [-8.4907286, 40.2152441], [-8.4908854, 40.2152291], [-8.493878, 40.2149434], [-8.5030718, 40.214159], [-8.5037019, 40.2143758], [-8.5093225, 40.2135454], [-8.5120234, 40.2125938], [-8.5175227, 40.2101757], [-8.5330005, 40.2034775], [-8.5420808, 40.2006696], [-8.5525778, 40.1985022], [-8.5660406, 40.1958174], [-8.5696177, 40.1952882], [-8.572218, 40.1944752], [-8.5784724, 40.1932016], [-8.5814525, 40.1928051], [-8.5842493, 40.1922873], [-8.5848756, 40.1919458], [-8.5879401, 40.1911756], [-8.5896223, 40.1904461], [-8.5946584, 40.1869808], [-8.5972711, 40.1861151], [-8.5997271, 40.1861048], [-8.6048353, 40.1868703], [-8.609346, 40.1868186], [-8.6107541, 40.1865235], [-8.6129029, 40.1860733], [-8.6169145, 40.1835298], [-8.6171687, 40.1831471], [-8.623984, 40.1728862], [-8.6259389, 40.1710381], [-8.6325153, 40.1675949], [-8.638151, 40.1644851], [-8.6429361, 40.1620254], [-8.6462191, 40.1609267], [-8.6508969, 40.1604839], [-8.6576346, 40.1618286], [-8.6655739, 40.1635176], [-8.669093, 40.1639768], [-8.6707509, 40.1637225], [-8.6727926, 40.162764], [-8.675423, 40.1592212], [-8.6766675, 40.1547441], [-8.6785344, 40.1503487], [-8.6805291, 40.1481166], [-8.6812166, 40.1473472], [-8.6838344, 40.1454281], [-8.6893276, 40.1429021], [-8.6902252, 40.1426814], [-8.6947993, 40.141557], [-8.700516, 40.1408387], [-8.7043909, 40.1410485], [-8.7071456, 40.1417006], [-8.7091161, 40.1425469], [-8.7176799, 40.1477973], [-8.7203197, 40.1483837], [-8.7257194, 40.1482553], [-8.7363218, 40.1473439], [-8.7407187, 40.1463138], [-8.7448815, 40.1448868], [-8.7575419, 40.1394628], [-8.7611475, 40.1374655], [-8.7635337, 40.1353269], [-8.7710256, 40.1244563], [-8.772411, 40.1177276], [-8.7757661, 40.113664], [-8.7779703, 40.1119661], [-8.7829152, 40.1103937], [-8.7891701, 40.111565], [-8.7930868, 40.1140793], [-8.7961653, 40.1181289], [-8.7983222, 40.1219153], [-8.7998867, 40.1246617], [-8.8001564, 40.1251352], [-8.8003848, 40.1255719], [-8.8025302, 40.1298354], [-8.805412, 40.133512], [-8.8098767, 40.1360757], [-8.8105038, 40.1364358], [-8.8132471, 40.138011], [-8.8279227, 40.1442143], [-8.8325337, 40.1446839], [-8.8387903, 40.1449939], [-8.8432434, 40.1453133], [-8.8546804, 40.1459202], [-8.8586692, 40.1458432], [-8.8674262, 40.1456742], [-8.8712793, 40.1449768], [-8.8732714, 40.1447903], [-8.8743121, 40.1445292], [-8.875052, 40.1441812], [-8.8758814, 40.1430313]]}}, {"type": "Feature", "properties": {"osm_id": 96924624, "name": "Canal Condutor Geral do Mondego", "waterway": "canal", "intermittent": null, "tunnel": null}, "geometry": {"type": "LineString", "coordinates": [[-8.4449289, 40.2229467], [-8.445123, 40.2229763], [-8.44552, 40.2230377], [-8.4458633, 40.2230295], [-8.4464212, 40.2229067], [-8.447317, 40.2226896], [-8.4476228, 40.2226445], [-8.4480198, 40.2226691], [-8.4483792, 40.2227674], [-8.4505357, 40.2236112], [-8.4508254, 40.2236849], [-8.4511526, 40.2237504], [-8.4522684, 40.2238405], [-8.4532984, 40.2239388], [-8.4539743, 40.2240126], [-8.4546502, 40.2239798], [-8.4555407, 40.2238446], [-8.4568121, 40.2236685], [-8.4577937, 40.2235292], [-8.4586038, 40.2234678], [-8.4599556, 40.2233818], [-8.4618331, 40.2232626], [-8.4620853, 40.2232466], [-8.4632276, 40.223177], [-8.4646817, 40.2230843], [-8.4650086, 40.2230418], [-8.465427, 40.2229271], [-8.4658855, 40.22264], [-8.4665774, 40.2219232], [-8.4684483, 40.2199951], [-8.4688054, 40.2197711], [-8.4690266, 40.2196872], [-8.469268, 40.2196257], [-8.4725725, 40.2190441], [-8.4757375, 40.2185116], [-8.4789239, 40.2179627], [-8.4822713, 40.217381], [-8.4847716, 40.2169639], [-8.4855186, 40.2168362], [-8.4858636, 40.2167612], [-8.4862119, 40.2167016], [-8.4865345, 40.2166465], [-8.4869941, 40.216582], [-8.4899684, 40.2160733], [-8.4902869, 40.2160233], [-8.4907016, 40.2159762], [-8.5073117, 40.2144486], [-8.5093402, 40.2142268], [-8.510456, 40.213981], [-8.5111533, 40.2137352], [-8.5118239, 40.2134649], [-8.512017, 40.2133543], [-8.5123267, 40.2132216], [-8.5126768, 40.2130716], [-8.5129397, 40.2129897], [-8.5146831, 40.2122277], [-8.5181968, 40.2106997], [-8.5216193, 40.2092208], [-8.5242854, 40.2080491], [-8.5279869, 40.2064636], [-8.5317527, 40.2048289], [-8.5330455, 40.2043045], [-8.5339789, 40.203948], [-8.5347461, 40.2037145], [-8.5379486, 40.2027435], [-8.541296, 40.2017315], [-8.5425459, 40.2013709], [-8.5438334, 40.2010882], [-8.546065, 40.2006293], [-8.5472505, 40.2003548], [-8.5475336, 40.2002965], [-8.5478674, 40.2002278], [-8.5481732, 40.2001991], [-8.5506891, 40.1996664], [-8.5546159, 40.1988715], [-8.5584085, 40.1980766], [-8.5610263, 40.1975481]]}}, {"type": "Feature", "properties": {"osm_id": 122188793, "name": null, "waterway": "stream", "intermittent": null, "tunnel": null}, "geometry": {"type": "LineString", "coordinates": [[-8.4157401, 40.1937751], [-8.4165439, 40.1935672], [-8.4167522, 40.1935145], [-8.4170884, 40.1934218], [-8.4180441, 40.193269], [-8.4184598, 40.1932116], [-8.4192893, 40.1931756], [-8.4196469, 40.1930529], [-8.4200657, 40.1927875]]}}, {"type": "Feature", "properties": {"osm_id": 130434762, "name": null, "waterway": "canal", "intermittent": null, "tunnel": null}, "geometry": {"type": "LineString", "coordinates": [[-8.4267759, 40.2004047], [-8.4279026, 40.2003354], [-8.4280747, 40.2003215], [-8.4288701, 40.20113], [-8.4297838, 40.2020619], [-8.4302553, 40.2026648]]}}, {"type": "Feature", "properties": {"osm_id": 143751168, "name": null, "waterway": "stream", "intermittent": null, "tunnel": "yes"}, "geometry": {"type": "LineString", "coordinates": [[-8.4072515, 40.1910186], [-8.4073352, 40.1910101], [-8.4073896, 40.191098], [-8.4074154, 40.1910964], [-8.4074203, 40.1911168]]}}, {"type": "Feature", "properties": {"osm_id": 143751365, "name": null, "waterway": "stream", "intermittent": null, "tunnel": null}, "geometry": {"type": "LineString", "coordinates": [[-8.4074203, 40.1911168], [-8.4074889, 40.191373]]}}, {"type": "Feature", "properties": {"osm_id": 152620945, "name": "Ribeira dos Fornos", "waterway": "stream", "intermittent": null, "tunnel": null}, "geometry": {"type": "LineString", "coordinates": [[-8.4211553, 40.2911952], [-8.4213372, 40.2903667], [-8.422497, 40.2895622], [-8.4228349, 40.2894131], [-8.4230794, 40.2892068], [-8.4238966, 40.2889855], [-8.4248065, 40.2890943], [-8.4250834, 40.2890462], [-8.4254165, 40.2889324], [-8.4256353, 40.2888831], [-8.4256966, 40.2887225], [-8.4256419, 40.2884987], [-8.4257961, 40.2880233], [-8.4261326, 40.2879437], [-8.4269017, 40.2874202], [-8.4270127, 40.2871294], [-8.4274984, 40.2870384], [-8.4276144, 40.2869726], [-8.4276128, 40.2867071], [-8.4280106, 40.2858764], [-8.4278531, 40.2854389], [-8.427931, 40.2852733], [-8.4281548, 40.2850823], [-8.4282277, 40.2844881], [-8.4283848, 40.2843304], [-8.4287312, 40.2841231], [-8.4292931, 40.2839536], [-8.4294953, 40.2836236], [-8.4298765, 40.2832316], [-8.4305661, 40.282392], [-8.4310352, 40.2818774], [-8.4313053, 40.2806938], [-8.4305644, 40.2795848], [-8.4298285, 40.2791953], [-8.4291787, 40.2789576], [-8.4287179, 40.2789083], [-8.4283649, 40.2788539], [-8.4276289, 40.2783936], [-8.427014, 40.2778031], [-8.4269294, 40.277583], [-8.4270703, 40.2773339], [-8.4270488, 40.277081], [-8.4270803, 40.2769292], [-8.4274151, 40.2768382], [-8.4278013, 40.2766535], [-8.4281629, 40.276634], [-8.4285731, 40.2764533], [-8.429124, 40.2763067], [-8.4295858, 40.2762477], [-8.4301671, 40.2759812], [-8.4311446, 40.2750709], [-8.4335075, 40.2738011], [-8.4342154, 40.2732574], [-8.4342271, 40.2728299], [-8.4343645, 40.272518], [-8.4344822, 40.2719186], [-8.4344242, 40.2717137], [-8.4344507, 40.2707804], [-8.4348253, 40.2701189], [-8.4353739, 40.2697699], [-8.4357999, 40.2693247], [-8.4358629, 40.2691198], [-8.4365243, 40.2686771], [-8.4369105, 40.2683395], [-8.4374309, 40.268065], [-8.4395957, 40.2666851], [-8.4401062, 40.2666346], [-8.440383, 40.2662564], [-8.4416626, 40.2653091], [-8.4418549, 40.2650953], [-8.4419991, 40.2648145], [-8.4421997, 40.2645135], [-8.4422892, 40.2644452], [-8.4427997, 40.2642251], [-8.4429075, 40.2641037], [-8.4435194, 40.262544], [-8.444218, 40.2611738], [-8.4449329, 40.2606407], [-8.445976, 40.260748], [-8.447202, 40.2601524], [-8.4483155, 40.2596908], [-8.4488375, 40.2595377], [-8.449105, 40.2594122], [-8.4499626, 40.2589837], [-8.4508433, 40.258695], [-8.4512717, 40.2584743], [-8.4516827, 40.2580096], [-8.4518545, 40.2574951], [-8.4516066, 40.2571649], [-8.4516566, 40.2570387], [-8.4514435, 40.25675], [-8.4514612, 40.2565559], [-8.4515749, 40.2563432], [-8.451969, 40.2561931], [-8.4521788, 40.2561925], [-8.4533137, 40.2561758], [-8.4544162, 40.2564048], [-8.4548751, 40.2563699], [-8.4552752, 40.2561409], [-8.4558298, 40.2560098], [-8.4570867, 40.2554754], [-8.4578435, 40.2552364], [-8.4585285, 40.2550804], [-8.4599246, 40.2540332], [-8.4605052, 40.2537195], [-8.460801, 40.253683], [-8.4611402, 40.2534988], [-8.4613207, 40.253361], [-8.4631126, 40.2527851], [-8.4633627, 40.2526175], [-8.4636149, 40.2522972]]}}, {"type": "Feature", "properties": {"osm_id": 152752217, "name": "Leito Periférico Direito", "waterway": "stream", "intermittent": null, "tunnel": null}, "geometry": {"type": "LineString", "coordinates": [[-8.4518262, 40.2426287], [-8.4518692, 40.2446126], [-8.4518741, 40.2448397], [-8.4519959, 40.2463585], [-8.4519406, 40.2466049]]}}, {"type": "Feature", "properties": {"osm_id": 152752218, "name": "Leito Periférico Direito", "waterway": "stream", "intermittent": null, "tunnel": null}, "geometry": {"type": "LineString", "coordinates": [[-8.4542945, 40.2493395], [-8.4546533, 40.2494557], [-8.4561125, 40.2498125], [-8.4565343, 40.2500084], [-8.4566017, 40.2500847], [-8.4567953, 40.2501561], [-8.4578956, 40.2510435], [-8.4586029, 40.2514684], [-8.4589351, 40.2516057], [-8.4600699, 40.2518463], [-8.4628854, 40.2522664], [-8.463376, 40.2523005], [-8.4636149, 40.2522972]]}}, {"type": "Feature", "properties": {"osm_id": 152752219, "name": "Ribeira das Eiras", "waterway": "stream", "intermittent": null, "tunnel": null}, "geometry": {"type": "LineString", "coordinates": [[-8.4433923, 40.2497049], [-8.4436182, 40.2495684], [-8.4440708, 40.2492949], [-8.4448874, 40.2488111], [-8.4451559, 40.2486866], [-8.4462563, 40.2486426], [-8.4465292, 40.248587], [-8.4469283, 40.2485787], [-8.4474143, 40.2486435], [-8.4477372, 40.2487273], [-8.4479514, 40.2487123], [-8.4482765, 40.2486285], [-8.4487386, 40.2486211], [-8.449341, 40.2485464], [-8.4503316, 40.2485107], [-8.4508991, 40.2485414]]}}, {"type": "Feature", "properties": {"osm_id": 152752220, "name": "Ribeira das Eiras", "waterway": "stream", "intermittent": null, "tunnel": null}, "geometry": {"type": "LineString", "coordinates": [[-8.4430628, 40.2498866], [-8.4431172, 40.2498526]]}}, {"type": "Feature", "properties": {"osm_id": 152752221, "name": "Ribeira das Eiras", "waterway": "stream", "intermittent": null, "tunnel": "yes"}, "geometry": {"type": "LineString", "coordinates": [[-8.4431172, 40.2498526], [-8.4433923, 40.2497049]]}}, {"type": "Feature", "properties": {"osm_id": 152752223, "name": "Ribeira das Eiras", "waterway": "stream", "intermittent": null, "tunnel": null}, "geometry": {"type": "LineString", "coordinates": [[-8.4394475, 40.2517895], [-8.4417646, 40.2505605]]}}, {"type": "Feature", "properties": {"osm_id": 152752226, "name": "Ribeira das Eiras", "waterway": "stream", "intermittent": null, "tunnel": "yes"}, "geometry": {"type": "LineString", "coordinates": [[-8.4390496, 40.2519845], [-8.4394475, 40.2517895]]}}, {"type": "Feature", "properties": {"osm_id": 152752227, "name": "Leito Periférico Direito", "waterway": "stream", "intermittent": null, "tunnel": null}, "geometry": {"type": "LineString", "coordinates": [[-8.4541466, 40.2492997], [-8.4542945, 40.2493395]]}}, {"type": "Feature", "properties": {"osm_id": 152752228, "name": "Ribeira das Eiras", "waterway": "stream", "intermittent": null, "tunnel": null}, "geometry": {"type": "LineString", "coordinates": [[-8.4423941, 40.2502344], [-8.4424452, 40.2502053]]}}, {"type": "Feature", "properties": {"osm_id": 152752230, "name": "Ribeira das Eiras", "waterway": "stream", "intermittent": null, "tunnel": "yes"}, "geometry": {"type": "LineString", "coordinates": [[-8.4431107, 40.2497995], [-8.443388, 40.2496501]]}}, {"type": "Feature", "properties": {"osm_id": 152752231, "name": "Ribeira das Eiras", "waterway": "stream", "intermittent": null, "tunnel": null}, "geometry": {"type": "LineString", "coordinates": [[-8.443388, 40.2496501], [-8.4436182, 40.2495684]]}}, {"type": "Feature", "properties": {"osm_id": 152752232, "name": "Ribeira das Eiras", "waterway": "stream", "intermittent": null, "tunnel": null}, "geometry": {"type": "LineString", "coordinates": [[-8.4423941, 40.2502344], [-8.4424474, 40.2501555]]}}, {"type": "Feature", "properties": {"osm_id": 152752233, "name": "Ribeira das Eiras", "waterway": "stream", "intermittent": null, "tunnel": "yes"}, "geometry": {"type": "LineString", "coordinates": [[-8.4417646, 40.2505605], [-8.4423941, 40.2502344]]}}, {"type": "Feature", "properties": {"osm_id": 152752235, "name": "Ribeira das Eiras", "waterway": "stream", "intermittent": null, "tunnel": "yes"}, "geometry": {"type": "LineString", "coordinates": [[-8.4508991, 40.2485414], [-8.4510438, 40.2485771]]}}, {"type": "Feature", "properties": {"osm_id": 152752236, "name": "Leito Periférico Direito", "waterway": "stream", "intermittent": null, "tunnel": "yes"}, "geometry": {"type": "LineString", "coordinates": [[-8.4518241, 40.2425192], [-8.4518262, 40.2426287]]}}, {"type": "Feature", "properties": {"osm_id": 152752237, "name": "Ribeira das Eiras", "waterway": "stream", "intermittent": null, "tunnel": null}, "geometry": {"type": "LineString", "coordinates": [[-8.4430574, 40.2498277], [-8.4431107, 40.2497995]]}}, {"type": "Feature", "properties": {"osm_id": 152752238, "name": "Vala do Norte", "waterway": "canal", "intermittent": null, "tunnel": null}, "geometry": {"type": "LineString", "coordinates": [[-8.4473294, 40.231904], [-8.4483522, 40.2332658], [-8.4485829, 40.2337248], [-8.448998, 40.2351029], [-8.4496346, 40.2363496], [-8.4501467, 40.2374084], [-8.4510157, 40.2388032], [-8.4516955, 40.2399751], [-8.4517694, 40.2401586], [-8.4517989, 40.2403306], [-8.4518227, 40.2406179], [-8.4518263, 40.2409109], [-8.4518284, 40.2420461], [-8.4518241, 40.2425192]]}}, {"type": "Feature", "properties": {"osm_id": 152752239, "name": "Ribeira das Eiras", "waterway": "stream", "intermittent": null, "tunnel": null}, "geometry": {"type": "LineString", "coordinates": [[-8.4510438, 40.2485771], [-8.4519147, 40.2487016], [-8.4519969, 40.2486156]]}}, {"type": "Feature", "properties": {"osm_id": 152752241, "name": "Ribeira de São Paulo", "waterway": "stream", "intermittent": null, "tunnel": null}, "geometry": {"type": "LineString", "coordinates": [[-8.394382, 40.2450693], [-8.3943968, 40.2451151], [-8.3945041, 40.2454632], [-8.3947398, 40.245622], [-8.39496, 40.2456474], [-8.3953463, 40.2462657], [-8.3963011, 40.2468389], [-8.398404, 40.247363], [-8.4003874, 40.2488876], [-8.4007268, 40.2490335], [-8.4019713, 40.2488452], [-8.4029691, 40.2491441], [-8.4038328, 40.2492096], [-8.404575, 40.2490999], [-8.405103, 40.2489074], [-8.4061709, 40.2483461], [-8.4062647, 40.2481013], [-8.4067673, 40.247452], [-8.4069124, 40.2473599], [-8.4070822, 40.2473759], [-8.4074765, 40.2476188], [-8.4082135, 40.2479133], [-8.4087183, 40.2479059], [-8.4091401, 40.2478088], [-8.409407, 40.2478246], [-8.4097227, 40.2479077], [-8.4098197, 40.2478827], [-8.4103128, 40.2476412], [-8.4104869, 40.2476333], [-8.4106081, 40.2476804], [-8.4108221, 40.2477637], [-8.4111438, 40.2479696]]}}, {"type": "Feature", "properties": {"osm_id": 152752242, "name": "Leito Periférico Direito", "waterway": "stream", "intermittent": null, "tunnel": null}, "geometry": {"type": "LineString", "coordinates": [[-8.4636149, 40.2522972], [-8.4643493, 40.2520364], [-8.4663591, 40.2503593], [-8.4672971, 40.2494979], [-8.4676723, 40.2492655], [-8.4684581, 40.2490507], [-8.4696836, 40.2490812], [-8.4731542, 40.2495343], [-8.4745366, 40.2497267], [-8.4755208, 40.249834], [-8.476562, 40.2497855], [-8.4773133, 40.2496256], [-8.478018, 40.2493575], [-8.4786465, 40.2488955], [-8.4790951, 40.2483399], [-8.4793893, 40.2476647], [-8.4795374, 40.2470396], [-8.4796454, 40.245518], [-8.4798464, 40.2445941], [-8.479967, 40.2425781], [-8.4801639, 40.2422518], [-8.4804728, 40.2419966], [-8.4816897, 40.2407818], [-8.4817815, 40.2404325]]}}, {"type": "Feature", "properties": {"osm_id": 152957896, "name": "Vala Real", "waterway": "stream", "intermittent": null, "tunnel": null}, "geometry": {"type": "LineString", "coordinates": [[-8.4629133, 40.2166844], [-8.4633292, 40.2165962], [-8.4638644, 40.2165747], [-8.4644523, 40.2165176], [-8.4646379, 40.2164559], [-8.464955, 40.2163264], [-8.4654841, 40.2163896], [-8.4662111, 40.2161953], [-8.4664999, 40.2160226], [-8.4674168, 40.2156309], [-8.4681903, 40.2155198], [-8.4688365, 40.2153702], [-8.4702058, 40.2143616], [-8.4706319, 40.2141041], [-8.4718134, 40.2137093], [-8.4723485, 40.2134965], [-8.4729605, 40.2129551], [-8.473013, 40.2128595], [-8.4749356, 40.2111137], [-8.4755091, 40.2109795], [-8.4758323, 40.2110335], [-8.4774883, 40.2106448], [-8.4779952, 40.2106017], [-8.4783405, 40.2106603], [-8.4788959, 40.2108638], [-8.4799178, 40.2114052], [-8.4808206, 40.2118092], [-8.4821979, 40.2120899], [-8.483034, 40.2121285], [-8.4847849, 40.2120529], [-8.4867116, 40.211891], [-8.4869963, 40.2116334], [-8.4874043, 40.2109795], [-8.4877193, 40.2108484], [-8.4881229, 40.2108462], [-8.4882503, 40.2109954], [-8.4883607, 40.2114477], [-8.4885399, 40.2115411], [-8.4903275, 40.2115117], [-8.4936909, 40.2113815], [-8.4955134, 40.211311], [-8.4957851, 40.2112676], [-8.4984755, 40.2102531], [-8.5011269, 40.2084577], [-8.5023005, 40.2073689], [-8.5041605, 40.2065284], [-8.5064628, 40.205862], [-8.5070182, 40.205134], [-8.5079128, 40.204804], [-8.5083329, 40.2046173], [-8.5087469, 40.2042965], [-8.5100697, 40.2038214], [-8.5112411, 40.202899], [-8.5113022, 40.2028959], [-8.5113732, 40.2028923], [-8.5115642, 40.2028065], [-8.5116712, 40.2027109], [-8.5144966, 40.2011746], [-8.5150681, 40.2009725], [-8.5154013, 40.2008846], [-8.5155333, 40.2008407], [-8.5173401, 40.2002398], [-8.5192526, 40.1994978], [-8.5200503, 40.19916], [-8.5203896, 40.1989441], [-8.521973, 40.1983147], [-8.5233261, 40.1979213], [-8.5248549, 40.1980247], [-8.5261797, 40.1982422], [-8.5265856, 40.1984443], [-8.5268556, 40.1985219], [-8.5276919, 40.1985393], [-8.5282733, 40.1985851], [-8.5302908, 40.1982581], [-8.5304028, 40.1982382], [-8.5307594, 40.1981748], [-8.5329526, 40.1978247], [-8.5335807, 40.1974745], [-8.5346874, 40.1970657], [-8.5351862, 40.1968096], [-8.5365292, 40.1965798], [-8.536982, 40.1964765], [-8.537638, 40.1963268], [-8.5397848, 40.1957604], [-8.5399569, 40.1957258], [-8.5400695, 40.1957221], [-8.5414953, 40.1953626], [-8.5436057, 40.1948305], [-8.5442338, 40.1946854], [-8.5446297, 40.1946592], [-8.5467886, 40.1939481], [-8.549, 40.1931736], [-8.5512417, 40.1923653], [-8.5515668, 40.1921046], [-8.551997, 40.1919996], [-8.5525382, 40.1917328], [-8.5533703, 40.1914273], [-8.5551405, 40.1906992], [-8.5570883, 40.1902803], [-8.5604985, 40.1895298], [-8.5611925, 40.1893422], [-8.5624663, 40.1890389], [-8.5640686, 40.1886222], [-8.5669132, 40.188212], [-8.5682042, 40.1882622], [-8.5701234, 40.1885894], [-8.5705261, 40.1887989], [-8.5743676, 40.1901058], [-8.5763126, 40.190804], [-8.5801254, 40.1918752], [-8.5802597, 40.1921086], [-8.5801797, 40.1923573], [-8.5797598, 40.1925144], [-8.5788973, 40.1927042], [-8.5784724, 40.1932016]]}}, {"type": "Feature", "properties": {"osm_id": 152957903, "name": "Canal de São Martinho", "waterway": "canal", "intermittent": null, "tunnel": "yes"}, "geometry": {"type": "LineString", "coordinates": [[-8.4646932, 40.2231979], [-8.4647002, 40.2232506]]}}, {"type": "Feature", "properties": {"osm_id": 152957915, "name": "Canal de São Martinho", "waterway": "canal", "intermittent": null, "tunnel": null}, "geometry": {"type": "LineString", "coordinates": [[-8.4646817, 40.2230843], [-8.4646871, 40.2231352], [-8.4646932, 40.2231979]]}}, {"type": "Feature", "properties": {"osm_id": 152957924, "name": "Canal de São Martinho", "waterway": "canal", "intermittent": null, "tunnel": null}, "geometry": {"type": "LineString", "coordinates": [[-8.4647002, 40.2232506], [-8.4647184, 40.2233768], [-8.4647354, 40.2234155], [-8.4647571, 40.2234422], [-8.4647912, 40.2234681], [-8.4648354, 40.2234839], [-8.4648878, 40.2234879], [-8.4649403, 40.223485], [-8.4650216, 40.2234792], [-8.4738841, 40.2227966], [-8.4739497, 40.222791], [-8.4740589, 40.2227822], [-8.4742209, 40.2228297]]}}, {"type": "Feature", "properties": {"osm_id": 175108331, "name": "Ribeira das Eiras", "waterway": "stream", "intermittent": null, "tunnel": null}, "geometry": {"type": "LineString", "coordinates": [[-8.4355584, 40.2533207], [-8.4358667, 40.253076], [-8.4366177, 40.2528969], [-8.4368931, 40.252711], [-8.4374044, 40.2526227], [-8.4375404, 40.2525322], [-8.4376328, 40.2524509], [-8.4380253, 40.2523688], [-8.4382797, 40.2522351], [-8.4386157, 40.2521472], [-8.4388484, 40.252031], [-8.4390496, 40.2519845]]}}, {"type": "Feature", "properties": {"osm_id": 175108332, "name": "Ribeira das Eiras", "waterway": "stream", "intermittent": null, "tunnel": "yes"}, "geometry": {"type": "LineString", "coordinates": [[-8.4337817, 40.2555578], [-8.4338757, 40.255485]]}}, {"type": "Feature", "properties": {"osm_id": 175108333, "name": "Ribeira das Eiras", "waterway": "stream", "intermittent": null, "tunnel": "yes"}, "geometry": {"type": "LineString", "coordinates": [[-8.4354733, 40.2533913], [-8.4355584, 40.2533207]]}}, {"type": "Feature", "properties": {"osm_id": 175108334, "name": "Ribeira das Eiras", "waterway": "stream", "intermittent": null, "tunnel": "yes"}, "geometry": {"type": "LineString", "coordinates": [[-8.4111438, 40.2479696], [-8.4111865, 40.2479876], [-8.4113371, 40.2480484]]}}, {"type": "Feature", "properties": {"osm_id": 175108335, "name": "Ribeira das Eiras", "waterway": "stream", "intermittent": null, "tunnel": "yes"}, "geometry": {"type": "LineString", "coordinates": [[-8.4148874, 40.2488326], [-8.4149496, 40.2488854]]}}, {"type": "Feature", "properties": {"osm_id": 175108336, "name": "Ribeira das Eiras", "waterway": "stream", "intermittent": null, "tunnel": "yes"}, "geometry": {"type": "LineString", "coordinates": [[-8.4153188, 40.2493909], [-8.4154177, 40.2494961]]}}, {"type": "Feature", "properties": {"osm_id": 175108337, "name": "Ribeira das Eiras", "waterway": "stream", "intermittent": null, "tunnel": "yes"}, "geometry": {"type": "LineString", "coordinates": [[-8.423784, 40.2540231], [-8.4238498, 40.2540277]]}}, {"type": "Feature", "properties": {"osm_id": 175108338, "name": "Ribeira das Eiras", "waterway": "stream", "intermittent": null, "tunnel": null}, "geometry": {"type": "LineString", "coordinates": [[-8.4259413, 40.2555234], [-8.4258619, 40.2557309], [-8.4258937, 40.2558923], [-8.4261081, 40.2560623], [-8.4261039, 40.2562607], [-8.4261883, 40.2563768], [-8.426516, 40.2564728], [-8.4266737, 40.2562902], [-8.42739, 40.2562596], [-8.4278367, 40.256306], [-8.4284797, 40.2562797], [-8.4287826, 40.2563367], [-8.4294865, 40.2562237], [-8.4301682, 40.255829], [-8.4305195, 40.2557678], [-8.4312206, 40.2559852], [-8.432963, 40.2558638], [-8.4331843, 40.2557003], [-8.4335909, 40.2556602], [-8.4337817, 40.2555578]]}}, {"type": "Feature", "properties": {"osm_id": 175108339, "name": "Ribeira das Eiras", "waterway": "stream", "intermittent": null, "tunnel": null}, "geometry": {"type": "LineString", "coordinates": [[-8.4149496, 40.2488854], [-8.4151819, 40.2490933], [-8.4153188, 40.2493909]]}}, {"type": "Feature", "properties": {"osm_id": 175108340, "name": "Ribeira das Eiras", "waterway": "stream", "intermittent": null, "tunnel": null}, "geometry": {"type": "LineString", "coordinates": [[-8.4338757, 40.255485], [-8.4343767, 40.2544531], [-8.4344733, 40.254302], [-8.4354733, 40.2533913]]}}, {"type": "Feature", "properties": {"osm_id": 175108341, "name": "Ribeira das Eiras", "waterway": "stream", "intermittent": null, "tunnel": null}, "geometry": {"type": "LineString", "coordinates": [[-8.4154177, 40.2494961], [-8.4155359, 40.2495809], [-8.4159204, 40.2496274], [-8.4160711, 40.2496675], [-8.4161956, 40.2500285], [-8.4165039, 40.2502448], [-8.416851, 40.2502649], [-8.4171401, 40.2504063], [-8.4174291, 40.2503546], [-8.4175536, 40.2503757], [-8.4176642, 40.2505245], [-8.4179352, 40.250648], [-8.4179767, 40.2508454], [-8.4180638, 40.2509361], [-8.4186557, 40.2512106], [-8.4188659, 40.2512464], [-8.4190844, 40.251161], [-8.4193997, 40.2511166], [-8.4200497, 40.2513108], [-8.4202142, 40.2515156], [-8.4207798, 40.2519631], [-8.4210108, 40.2519694], [-8.4212638, 40.2520444], [-8.421474, 40.2520444], [-8.4219525, 40.2526987], [-8.421965, 40.252819], [-8.4221074, 40.2529056], [-8.4223245, 40.252932], [-8.4224503, 40.2530481], [-8.4224545, 40.2531758], [-8.4225582, 40.2532359], [-8.4226841, 40.2534797], [-8.4230422, 40.2536581], [-8.4231515, 40.2538407], [-8.4233451, 40.2538956], [-8.4235013, 40.2540011], [-8.423784, 40.2540231]]}}, {"type": "Feature", "properties": {"osm_id": 175108342, "name": "Ribeira das Eiras", "waterway": "stream", "intermittent": null, "tunnel": null}, "geometry": {"type": "LineString", "coordinates": [[-8.4113371, 40.2480484], [-8.4118966, 40.2481717], [-8.4123498, 40.2482445], [-8.4130799, 40.2486658], [-8.4136026, 40.2487904], [-8.4139802, 40.2488516], [-8.4148874, 40.2488326]]}}, {"type": "Feature", "properties": {"osm_id": 379864325, "name": "Rio Velho", "waterway": "stream", "intermittent": null, "tunnel": null}, "geometry": {"type": "LineString", "coordinates": [[-8.4449529, 40.2246808], [-8.4452266, 40.2248235], [-8.4455551, 40.2250434], [-8.4466261, 40.2259858], [-8.4476107, 40.2267631], [-8.4484127, 40.2275332], [-8.4497382, 40.2290292], [-8.4509293, 40.2304922], [-8.4517901, 40.2314295], [-8.4521501, 40.2314606], [-8.4527345, 40.2319408], [-8.4534459, 40.2329011], [-8.4544781, 40.2342256], [-8.4554245, 40.2352072], [-8.455783, 40.2355538]]}}, {"type": "Feature", "properties": {"osm_id": 379864327, "name": "Rio Velho", "waterway": "stream", "intermittent": null, "tunnel": "culvert"}, "geometry": {"type": "LineString", "coordinates": [[-8.455783, 40.2355538], [-8.4558302, 40.2356064]]}}, {"type": "Feature", "properties": {"osm_id": 380028549, "name": null, "waterway": "canal", "intermittent": null, "tunnel": "culvert"}, "geometry": {"type": "LineString", "coordinates": [[-8.4523858, 40.2191038], [-8.4525469, 40.2191251]]}}, {"type": "Feature", "properties": {"osm_id": 380028552, "name": null, "waterway": "canal", "intermittent": null, "tunnel": "culvert"}, "geometry": {"type": "LineString", "coordinates": [[-8.44777, 40.218386], [-8.4479489, 40.2184104]]}}, {"type": "Feature", "properties": {"osm_id": 380028555, "name": null, "waterway": "canal", "intermittent": null, "tunnel": "culvert"}, "geometry": {"type": "LineString", "coordinates": [[-8.4572194, 40.2194616], [-8.4573392, 40.2194626]]}}, {"type": "Feature", "properties": {"osm_id": 380028563, "name": null, "waterway": "canal", "intermittent": null, "tunnel": "culvert"}, "geometry": {"type": "LineString", "coordinates": [[-8.4599724, 40.2193965], [-8.4603611, 40.219363]]}}, {"type": "Feature", "properties": {"osm_id": 380028575, "name": null, "waterway": "canal", "intermittent": null, "tunnel": null}, "geometry": {"type": "LineString", "coordinates": [[-8.4566763, 40.2194473], [-8.4572194, 40.2194616]]}}, {"type": "Feature", "properties": {"osm_id": 380028594, "name": null, "waterway": "canal", "intermittent": null, "tunnel": "culvert"}, "geometry": {"type": "LineString", "coordinates": [[-8.4565738, 40.2194473], [-8.4566763, 40.2194473]]}}, {"type": "Feature", "properties": {"osm_id": 380028602, "name": null, "waterway": "canal", "intermittent": null, "tunnel": "culvert"}, "geometry": {"type": "LineString", "coordinates": [[-8.4586918, 40.2194524], [-8.4589554, 40.2194555]]}}, {"type": "Feature", "properties": {"osm_id": 380028604, "name": null, "waterway": "canal", "intermittent": null, "tunnel": "culvert"}, "geometry": {"type": "LineString", "coordinates": [[-8.4622688, 40.2191972], [-8.4623681, 40.2191871]]}}, {"type": "Feature", "properties": {"osm_id": 380028614, "name": null, "waterway": "canal", "intermittent": null, "tunnel": null}, "geometry": {"type": "LineString", "coordinates": [[-8.4573392, 40.2194626], [-8.4586918, 40.2194524]]}}, {"type": "Feature", "properties": {"osm_id": 380028620, "name": null, "waterway": "canal", "intermittent": null, "tunnel": "culvert"}, "geometry": {"type": "LineString", "coordinates": [[-8.4550615, 40.2193569], [-8.4555097, 40.2194042]]}}, {"type": "Feature", "properties": {"osm_id": 380028622, "name": null, "waterway": "canal", "intermittent": null, "tunnel": null}, "geometry": {"type": "LineString", "coordinates": [[-8.4603611, 40.219363], [-8.4604455, 40.2193839], [-8.4622688, 40.2191972]]}}, {"type": "Feature", "properties": {"osm_id": 380028626, "name": null, "waterway": "canal", "intermittent": null, "tunnel": null}, "geometry": {"type": "LineString", "coordinates": [[-8.4525469, 40.2191251], [-8.4547793, 40.2193701], [-8.4550615, 40.2193569]]}}, {"type": "Feature", "properties": {"osm_id": 380028627, "name": null, "waterway": "canal", "intermittent": null, "tunnel": null}, "geometry": {"type": "LineString", "coordinates": [[-8.4589554, 40.2194555], [-8.4593547, 40.2194382], [-8.4599724, 40.2193965]]}}, {"type": "Feature", "properties": {"osm_id": 380028629, "name": null, "waterway": "canal", "intermittent": null, "tunnel": null}, "geometry": {"type": "LineString", "coordinates": [[-8.4479489, 40.2184104], [-8.4498767, 40.2187511], [-8.4522056, 40.2190785], [-8.4523858, 40.2191038]]}}, {"type": "Feature", "properties": {"osm_id": 380028635, "name": "Rio Velho", "waterway": "canal", "intermittent": null, "tunnel": null}, "geometry": {"type": "LineString", "coordinates": [[-8.4570902, 40.2364438], [-8.4578403, 40.2369451], [-8.4589065, 40.237352], [-8.4606498, 40.2379606], [-8.4630271, 40.2382319], [-8.4647849, 40.2384922], [-8.4670085, 40.2389871], [-8.4685165, 40.2392694], [-8.4699093, 40.239504], [-8.4706777, 40.2395664], [-8.4710235, 40.239438], [-8.4716479, 40.2391594], [-8.4720417, 40.2388295], [-8.4730743, 40.2381146], [-8.4738283, 40.2374767], [-8.4760423, 40.2359295], [-8.4773966, 40.2348186], [-8.4778577, 40.234496], [-8.4783716, 40.234243], [-8.4794666, 40.233814], [-8.4810274, 40.233363], [-8.4814212, 40.2332677], [-8.4818007, 40.2332274], [-8.4823193, 40.2332091], [-8.4827996, 40.2333044], [-8.4837313, 40.2336234], [-8.4852393, 40.23421], [-8.4865002, 40.2347175], [-8.4866353, 40.2347229], [-8.4867084, 40.2347258]]}}, {"type": "Feature", "properties": {"osm_id": 380028637, "name": null, "waterway": "canal", "intermittent": null, "tunnel": null}, "geometry": {"type": "LineString", "coordinates": [[-8.4438654, 40.2174315], [-8.4445658, 40.2176413], [-8.4456464, 40.2179777], [-8.44777, 40.218386]]}}, {"type": "Feature", "properties": {"osm_id": 380028639, "name": null, "waterway": "canal", "intermittent": null, "tunnel": null}, "geometry": {"type": "LineString", "coordinates": [[-8.4623681, 40.2191871], [-8.4629588, 40.2191266], [-8.4632232, 40.2190911], [-8.4642884, 40.2189281], [-8.465863, 40.2186743], [-8.4672831, 40.218417]]}}, {"type": "Feature", "properties": {"osm_id": 380028640, "name": null, "waterway": "canal", "intermittent": null, "tunnel": null}, "geometry": {"type": "LineString", "coordinates": [[-8.4555097, 40.2194042], [-8.4556685, 40.2194176], [-8.4559045, 40.2194276], [-8.4565738, 40.2194473]]}}, {"type": "Feature", "properties": {"osm_id": 830109040, "name": null, "waterway": "stream", "intermittent": "yes", "tunnel": null}, "geometry": {"type": "LineString", "coordinates": [[-8.4293071, 40.1975047], [-8.4291266, 40.1976466], [-8.4287447, 40.1978599], [-8.4285484, 40.1979736], [-8.4284791, 40.1981387], [-8.4283748, 40.1982884], [-8.4282013, 40.1983743], [-8.4280485, 40.1984354], [-8.4270258, 40.1988445]]}}, {"type": "Feature", "properties": {"osm_id": 839428737, "name": "Leito Periférico Direito", "waterway": "stream", "intermittent": null, "tunnel": null}, "geometry": {"type": "LineString", "coordinates": [[-8.4519179, 40.246706], [-8.451661, 40.2478507], [-8.4516718, 40.2481053], [-8.4517327, 40.2483387], [-8.4519969, 40.2486156], [-8.4521459, 40.2487005], [-8.4528092, 40.2490408], [-8.453168, 40.2490872], [-8.4541466, 40.2492997]]}}, {"type": "Feature", "properties": {"osm_id": 839428738, "name": "Leito Periférico Direito", "waterway": "stream", "intermittent": null, "tunnel": "culvert"}, "geometry": {"type": "LineString", "coordinates": [[-8.4519406, 40.2466049], [-8.4519179, 40.246706]]}}, {"type": "Feature", "properties": {"osm_id": 906110060, "name": null, "waterway": "stream", "intermittent": null, "tunnel": null}, "geometry": {"type": "LineString", "coordinates": [[-8.3591665, 40.246841], [-8.3593779, 40.2465058], [-8.3601605, 40.2457301], [-8.3606433, 40.2454339], [-8.3609878, 40.2452708], [-8.3611108, 40.2450968], [-8.3611362, 40.2449601], [-8.3610407, 40.2447232], [-8.3612542, 40.2439422], [-8.3612199, 40.243599], [-8.3609212, 40.2433563], [-8.3609802, 40.2430423], [-8.3610793, 40.2425664], [-8.3606463, 40.2418169], [-8.3600707, 40.2408541], [-8.3592675, 40.2405689], [-8.359062, 40.2402694], [-8.3589499, 40.2397561], [-8.3589312, 40.2391572], [-8.3587444, 40.2389005], [-8.3579412, 40.2387722], [-8.3568764, 40.2384442], [-8.3559238, 40.2383302], [-8.3553073, 40.2382446], [-8.3551026, 40.2381955]]}}, {"type": "Feature", "properties": {"osm_id": 906125072, "name": "Ribeira de Misarela", "waterway": "stream", "intermittent": null, "tunnel": null}, "geometry": {"type": "LineString", "coordinates": [[-8.3695053, 40.2300884], [-8.3692505, 40.2296777], [-8.3686842, 40.2294075], [-8.3679481, 40.2291913], [-8.3671695, 40.2289644], [-8.3663201, 40.228813], [-8.3656688, 40.2286941], [-8.3650035, 40.2283591], [-8.3646071, 40.2277214], [-8.3642673, 40.2272026], [-8.3634887, 40.226727], [-8.3627384, 40.2261433], [-8.3620876, 40.2247834], [-8.3621645, 40.224614], [-8.3622022, 40.2244681], [-8.3621842, 40.2243069], [-8.3620872, 40.2242194], [-8.3618324, 40.2239167], [-8.3616393, 40.2230731], [-8.3615721, 40.2225383], [-8.3615085, 40.2220319], [-8.3615085, 40.2214899], [-8.3615646, 40.2208053], [-8.3612096, 40.2202918], [-8.3598834, 40.2186943], [-8.3593977, 40.2180952], [-8.3593591, 40.2175548], [-8.3593416, 40.2173107], [-8.3600888, 40.2167116], [-8.3604064, 40.2165832], [-8.3605558, 40.2163122], [-8.3604377, 40.2155806], [-8.3603536, 40.2150884], [-8.3601668, 40.2148602], [-8.359952, 40.2146962], [-8.3599333, 40.2145107], [-8.3599987, 40.2142397], [-8.3598306, 40.2138688], [-8.3595362, 40.2136145], [-8.3591048, 40.213511], [-8.3584246, 40.2135594], [-8.3581295, 40.2135062], [-8.3578452, 40.2133341], [-8.3577808, 40.2131334], [-8.357872, 40.2128139], [-8.3579364, 40.2125763], [-8.3581027, 40.2124083], [-8.358843, 40.2120437], [-8.3590629, 40.211716], [-8.3591756, 40.2113883], [-8.3594151, 40.2108078], [-8.3595461, 40.2105727], [-8.3597266, 40.2103592], [-8.3598575, 40.2102078], [-8.3598505, 40.2099727], [-8.3598434, 40.2097375], [-8.3598788, 40.2095564], [-8.3599283, 40.2094159], [-8.3599814, 40.209324], [-8.3599531, 40.2090942], [-8.3599438, 40.2089387], [-8.3599354, 40.2087969], [-8.3599307, 40.2086551], [-8.3598168, 40.2084502], [-8.3597762, 40.2082825], [-8.3598077, 40.2080379], [-8.3598105, 40.207627], [-8.359798, 40.207396], [-8.3597647, 40.2073182]]}}, {"type": "Feature", "properties": {"osm_id": 906125073, "name": null, "waterway": "stream", "intermittent": null, "tunnel": null}, "geometry": {"type": "LineString", "coordinates": [[-8.3718103, 40.2190811], [-8.3713714, 40.2196216], [-8.37106, 40.2202053], [-8.3707627, 40.2206377], [-8.3704937, 40.2212754], [-8.3702105, 40.2217186], [-8.3695735, 40.2221294], [-8.3687666, 40.2223564], [-8.3681578, 40.2223888], [-8.3679187, 40.222331], [-8.366459, 40.221978], [-8.365015, 40.2215565], [-8.3637551, 40.2214376], [-8.3632312, 40.2212754], [-8.3623394, 40.2211025], [-8.3619713, 40.2209944], [-8.3615646, 40.2208053]]}}, {"type": "Feature", "properties": {"osm_id": 906125074, "name": null, "waterway": "stream", "intermittent": null, "tunnel": null}, "geometry": {"type": "LineString", "coordinates": [[-8.3732543, 40.225999], [-8.3727871, 40.2256099], [-8.3722491, 40.2254802], [-8.3717678, 40.2255126], [-8.371513, 40.225437], [-8.3713431, 40.2252316], [-8.3711307, 40.2249289], [-8.3708476, 40.2246803], [-8.3704371, 40.2244209], [-8.3698708, 40.2242047], [-8.3694744, 40.2241183], [-8.3691205, 40.2238913], [-8.368894, 40.2232643], [-8.3684693, 40.2228104], [-8.3680587, 40.2225293], [-8.3679187, 40.222331]]}}, {"type": "Feature", "properties": {"osm_id": 906125076, "name": null, "waterway": "stream", "intermittent": null, "tunnel": null}, "geometry": {"type": "LineString", "coordinates": [[-8.3713856, 40.2159786], [-8.3708476, 40.2163245], [-8.3703663, 40.2165191], [-8.3695593, 40.216692], [-8.3687524, 40.2168218], [-8.3678464, 40.2168326], [-8.3669545, 40.2167029], [-8.3663882, 40.216692], [-8.3644204, 40.2168434], [-8.3635144, 40.2168974], [-8.3627641, 40.2168866], [-8.3620562, 40.2169515], [-8.3613059, 40.2168001], [-8.3608671, 40.2165191], [-8.3605558, 40.2163122]]}}, {"type": "Feature", "properties": {"osm_id": 906133768, "name": "Ribeira dos Covões", "waterway": "stream", "intermittent": null, "tunnel": null}, "geometry": {"type": "LineString", "coordinates": [[-8.4551108, 40.1992973], [-8.4551125, 40.199316], [-8.4551083, 40.1994704], [-8.4550636, 40.1998088], [-8.4550107, 40.2000666], [-8.4549992, 40.200254], [-8.4550926, 40.2004172], [-8.455153, 40.2005634], [-8.4551774, 40.2007093], [-8.4550554, 40.2010633], [-8.4546936, 40.2014577], [-8.454409, 40.2016812], [-8.4541895, 40.2019762], [-8.4539049, 40.2024202], [-8.4536935, 40.203035], [-8.4534089, 40.2033797], [-8.4532219, 40.2035443], [-8.4529739, 40.203951], [-8.4527341, 40.2044323], [-8.4524576, 40.2048577], [-8.4522015, 40.2054228], [-8.4520443, 40.2058838], [-8.4519088, 40.2062608], [-8.4517042, 40.2064038], [-8.4514941, 40.2065778], [-8.4511932, 40.2071739], [-8.4507501, 40.2081302], [-8.4506729, 40.2084904], [-8.4506322, 40.2087636], [-8.4506729, 40.2095771], [-8.4506995, 40.2099093], [-8.4506298, 40.2104132], [-8.4506214, 40.2107631]]}}, {"type": "Feature", "properties": {"osm_id": 926023612, "name": null, "waterway": "stream", "intermittent": null, "tunnel": null}, "geometry": {"type": "LineString", "coordinates": [[-8.4215499, 40.1975644], [-8.4217752, 40.1977096], [-8.4219042, 40.1977927], [-8.4221791, 40.1978829], [-8.4222208, 40.1979436], [-8.4223202, 40.1979951], [-8.4230288, 40.1983504], [-8.4237282, 40.1986634], [-8.4240363, 40.1987364], [-8.4245817, 40.1987787], [-8.4258924, 40.1987881]]}}, {"type": "Feature", "properties": {"osm_id": 926023614, "name": null, "waterway": "stream", "intermittent": null, "tunnel": "culvert"}, "geometry": {"type": "LineString", "coordinates": [[-8.42068, 40.1971938], [-8.4215499, 40.1975644]]}}, {"type": "Feature", "properties": {"osm_id": 926023615, "name": null, "waterway": "stream", "intermittent": null, "tunnel": null}, "geometry": {"type": "LineString", "coordinates": [[-8.4201154, 40.1971447], [-8.4203062, 40.1971395], [-8.42068, 40.1971938]]}}, {"type": "Feature", "properties": {"osm_id": 926023616, "name": null, "waterway": "stream", "intermittent": null, "tunnel": null}, "geometry": {"type": "LineString", "coordinates": [[-8.4148596, 40.2001549], [-8.4149795, 40.1999235], [-8.4151476, 40.1997681], [-8.4153458, 40.1996316], [-8.4154997, 40.199514], [-8.4156696, 40.1994586], [-8.41582, 40.1993802], [-8.4158784, 40.1992504], [-8.4159333, 40.1991017], [-8.4160005, 40.1989639], [-8.4162005, 40.1988071], [-8.4163863, 40.1986516], [-8.4165845, 40.1984435], [-8.416949, 40.1981448], [-8.4171932, 40.1980177], [-8.4172888, 40.197965], [-8.4177135, 40.1977352], [-8.4178646, 40.1976774], [-8.4180642, 40.1976152], [-8.4184742, 40.197576], [-8.4185594, 40.1975365], [-8.4186631, 40.1974222], [-8.4188276, 40.19734], [-8.4189633, 40.1972869], [-8.4194485, 40.1972228], [-8.4201154, 40.1971447]]}}, {"type": "Feature", "properties": {"osm_id": 929329027, "name": null, "waterway": "stream", "intermittent": null, "tunnel": "culvert"}, "geometry": {"type": "LineString", "coordinates": [[-8.4147617, 40.2003588], [-8.4148596, 40.2001549]]}}, {"type": "Feature", "properties": {"osm_id": 931776103, "name": null, "waterway": "stream", "intermittent": null, "tunnel": "culvert"}, "geometry": {"type": "LineString", "coordinates": [[-8.4379159, 40.2195655], [-8.4378411, 40.2195558]]}}, {"type": "Feature", "properties": {"osm_id": 931776104, "name": null, "waterway": "stream", "intermittent": null, "tunnel": null}, "geometry": {"type": "LineString", "coordinates": [[-8.4378411, 40.2195558], [-8.4377718, 40.2195382], [-8.4377429, 40.2195229], [-8.4376988, 40.2194782], [-8.4378086, 40.2193757], [-8.4378601, 40.21936], [-8.4379509, 40.2193323]]}}, {"type": "Feature", "properties": {"osm_id": 931776107, "name": null, "waterway": "stream", "intermittent": "yes", "tunnel": null}, "geometry": {"type": "LineString", "coordinates": [[-8.4378513, 40.2195047], [-8.4378601, 40.21936]]}}, {"type": "Feature", "properties": {"osm_id": 931776109, "name": null, "waterway": "stream", "intermittent": null, "tunnel": "culvert"}, "geometry": {"type": "LineString", "coordinates": [[-8.4379509, 40.2193323], [-8.4394799, 40.21911]]}}, {"type": "Feature", "properties": {"osm_id": 931776110, "name": null, "waterway": "stream", "intermittent": null, "tunnel": null}, "geometry": {"type": "LineString", "coordinates": [[-8.4394799, 40.21911], [-8.4396786, 40.2190725], [-8.4400059, 40.2190182]]}}, {"type": "Feature", "properties": {"osm_id": 931776113, "name": null, "waterway": "stream", "intermittent": null, "tunnel": "culvert"}, "geometry": {"type": "LineString", "coordinates": [[-8.4400059, 40.2190182], [-8.4404335, 40.2191069]]}}, {"type": "Feature", "properties": {"osm_id": 931776114, "name": null, "waterway": "stream", "intermittent": null, "tunnel": null}, "geometry": {"type": "LineString", "coordinates": [[-8.4404335, 40.2191069], [-8.4405012, 40.2191265], [-8.4406624, 40.2192148], [-8.4407616, 40.219344], [-8.4409645, 40.2196381]]}}, {"type": "Feature", "properties": {"osm_id": 931776115, "name": null, "waterway": "stream", "intermittent": null, "tunnel": null}, "geometry": {"type": "LineString", "coordinates": [[-8.4409645, 40.2196381], [-8.4413141, 40.220051], [-8.4413853, 40.2201348], [-8.4415113, 40.2203769], [-8.44168, 40.220841], [-8.4417064, 40.2212042], [-8.441802, 40.2215425], [-8.4419443, 40.2218374], [-8.4422227, 40.2225452], [-8.4424545, 40.2230093], [-8.4427309, 40.2236518]]}}, {"type": "Feature", "properties": {"osm_id": 931776119, "name": null, "waterway": "stream", "intermittent": null, "tunnel": null}, "geometry": {"type": "LineString", "coordinates": [[-8.4357027, 40.2202898], [-8.4357735, 40.2201128], [-8.4358779, 40.2200115], [-8.435947, 40.2199574], [-8.4363398, 40.2198737], [-8.4365325, 40.2198082]]}}, {"type": "Feature", "properties": {"osm_id": 931776120, "name": "Ribeira de Coselhas", "waterway": "stream", "intermittent": null, "tunnel": null}, "geometry": {"type": "LineString", "coordinates": [[-8.4366257, 40.2197766], [-8.4368689, 40.2196939], [-8.4376988, 40.2194782]]}}, {"type": "Feature", "properties": {"osm_id": 931776121, "name": null, "waterway": "stream", "intermittent": null, "tunnel": "culvert"}, "geometry": {"type": "LineString", "coordinates": [[-8.4365325, 40.2198082], [-8.4366257, 40.2197766]]}}, {"type": "Feature", "properties": {"osm_id": 931776122, "name": "Ribeira de Coselhas", "waterway": "stream", "intermittent": null, "tunnel": null}, "geometry": {"type": "LineString", "coordinates": [[-8.4305249, 40.2212451], [-8.4308434, 40.2212816], [-8.4310841, 40.2212897], [-8.4324573, 40.2210425], [-8.4331775, 40.2208371], [-8.4338252, 40.2206128], [-8.4342552, 40.220325], [-8.4343844, 40.2202371], [-8.434556, 40.2201398], [-8.4346551, 40.2201277], [-8.4347321, 40.2201136]]}}, {"type": "Feature", "properties": {"osm_id": 931776123, "name": null, "waterway": "stream", "intermittent": null, "tunnel": null}, "geometry": {"type": "LineString", "coordinates": [[-8.4348382, 40.2200943], [-8.4350391, 40.2200675], [-8.4351365, 40.2200399], [-8.4353371, 40.2200114]]}}, {"type": "Feature", "properties": {"osm_id": 931776124, "name": null, "waterway": "stream", "intermittent": null, "tunnel": "culvert"}, "geometry": {"type": "LineString", "coordinates": [[-8.4347321, 40.2201136], [-8.4348382, 40.2200943]]}}, {"type": "Feature", "properties": {"osm_id": 931776125, "name": null, "waterway": "stream", "intermittent": null, "tunnel": null}, "geometry": {"type": "LineString", "coordinates": [[-8.4356961, 40.2199783], [-8.435947, 40.2199574]]}}, {"type": "Feature", "properties": {"osm_id": 931776126, "name": null, "waterway": "stream", "intermittent": null, "tunnel": "culvert"}, "geometry": {"type": "LineString", "coordinates": [[-8.4353371, 40.2200114], [-8.4356961, 40.2199783]]}}, {"type": "Feature", "properties": {"osm_id": 931776127, "name": null, "waterway": "stream", "intermittent": null, "tunnel": "culvert"}, "geometry": {"type": "LineString", "coordinates": [[-8.4293941, 40.221537], [-8.4305249, 40.2212451]]}}, {"type": "Feature", "properties": {"osm_id": 931776128, "name": null, "waterway": "stream", "intermittent": null, "tunnel": null}, "geometry": {"type": "LineString", "coordinates": [[-8.4293003, 40.2208452], [-8.4292826, 40.220883], [-8.4292331, 40.2209735], [-8.4290915, 40.22106], [-8.4290084, 40.221083], [-8.4289924, 40.2211384], [-8.4291623, 40.221537], [-8.4292154, 40.2215856], [-8.4293623, 40.2215518], [-8.4293941, 40.221537]]}}, {"type": "Feature", "properties": {"osm_id": 931776129, "name": null, "waterway": "stream", "intermittent": null, "tunnel": null}, "geometry": {"type": "LineString", "coordinates": [[-8.4293941, 40.2214505], [-8.4293941, 40.221537]]}}, {"type": "Feature", "properties": {"osm_id": 931776131, "name": "Ribeira de Coselhas", "waterway": "stream", "intermittent": null, "tunnel": null}, "geometry": {"type": "LineString", "coordinates": [[-8.4273604, 40.2226593], [-8.4274923, 40.222555], [-8.4276432, 40.2224297], [-8.4277281, 40.2223696], [-8.4277608, 40.2223562], [-8.4280527, 40.2223482], [-8.4282126, 40.2222885], [-8.428566, 40.2220937], [-8.4288438, 40.2219261], [-8.4290508, 40.2217843], [-8.4291729, 40.2216802], [-8.4292968, 40.2216343], [-8.4293623, 40.2215518]]}}, {"type": "Feature", "properties": {"osm_id": 931874715, "name": null, "waterway": "stream", "intermittent": null, "tunnel": "culvert"}, "geometry": {"type": "LineString", "coordinates": [[-8.4427309, 40.2236518], [-8.442938, 40.2243883]]}}, {"type": "Feature", "properties": {"osm_id": 931874716, "name": null, "waterway": "stream", "intermittent": null, "tunnel": null}, "geometry": {"type": "LineString", "coordinates": [[-8.442938, 40.2243883], [-8.4434797, 40.2258823]]}}, {"type": "Feature", "properties": {"osm_id": 931874717, "name": null, "waterway": "stream", "intermittent": null, "tunnel": "culvert"}, "geometry": {"type": "LineString", "coordinates": [[-8.4434797, 40.2258823], [-8.4436361, 40.2262852]]}}, {"type": "Feature", "properties": {"osm_id": 931874718, "name": null, "waterway": "canal", "intermittent": null, "tunnel": null}, "geometry": {"type": "LineString", "coordinates": [[-8.4436361, 40.2262852], [-8.4440261, 40.227337], [-8.444339, 40.2279146], [-8.444848, 40.2286847], [-8.4452916, 40.2292374], [-8.4455648, 40.2296224], [-8.4456341, 40.2297984]]}}, {"type": "Feature", "properties": {"osm_id": 931874722, "name": "Vala do Norte", "waterway": "stream", "intermittent": null, "tunnel": null}, "geometry": {"type": "LineString", "coordinates": [[-8.440847, 40.2239978], [-8.4411924, 40.224363], [-8.4413708, 40.2248905], [-8.4414446, 40.2257494], [-8.4416316, 40.2266659], [-8.4419132, 40.2271216], [-8.4421983, 40.2275697], [-8.4429134, 40.2280252], [-8.4431901, 40.2280147], [-8.4437068, 40.2282929], [-8.4454921, 40.2297674], [-8.4456341, 40.2297984], [-8.4457766, 40.2298296], [-8.4459272, 40.2300069], [-8.4459519, 40.2301267], [-8.4473294, 40.231904]]}}, {"type": "Feature", "properties": {"osm_id": 931874723, "name": "Rio Velho", "waterway": "stream", "intermittent": null, "tunnel": null}, "geometry": {"type": "LineString", "coordinates": [[-8.4558302, 40.2356064], [-8.4561834, 40.2358378], [-8.4570902, 40.2364438]]}}, {"type": "Feature", "properties": {"osm_id": 977806112, "name": "Ribeiro dos Canários", "waterway": "stream", "intermittent": null, "tunnel": null}, "geometry": {"type": "LineString", "coordinates": [[-8.3647775, 40.2441678], [-8.3651884, 40.243904], [-8.3656087, 40.2436188], [-8.3658329, 40.2433764], [-8.3665147, 40.2428346], [-8.3668883, 40.2423284], [-8.366991, 40.2420504], [-8.3671572, 40.2418755], [-8.3673462, 40.2418635], [-8.3677202, 40.2417145], [-8.3683707, 40.2416028], [-8.3695741, 40.2415159], [-8.3700619, 40.241429], [-8.3704848, 40.2412056], [-8.370875, 40.2408953], [-8.3713954, 40.2407091], [-8.3719321, 40.2407091], [-8.3726801, 40.2410691], [-8.3733794, 40.2416401], [-8.3737534, 40.2423352], [-8.37429, 40.2431669], [-8.3745017, 40.2434577], [-8.3746966, 40.2437254], [-8.3752983, 40.2445571], [-8.3760788, 40.2453018], [-8.376653, 40.2462317], [-8.3767456, 40.2463817], [-8.3769407, 40.2472009], [-8.3771846, 40.2480077], [-8.3776237, 40.2488145], [-8.3781278, 40.2494723], [-8.3785181, 40.249795], [-8.3791107, 40.250645], [-8.3791842, 40.2506718], [-8.3795202, 40.2507875]]}}, {"type": "Feature", "properties": {"osm_id": 977806113, "name": null, "waterway": "stream", "intermittent": null, "tunnel": null}, "geometry": {"type": "LineString", "coordinates": [[-8.3651996, 40.2481318], [-8.3662079, 40.2477967], [-8.3666307, 40.2475485], [-8.3669559, 40.2472133], [-8.3672812, 40.2468286], [-8.3676714, 40.2463197], [-8.3680129, 40.2457611], [-8.3685821, 40.2453887], [-8.3692651, 40.2449915], [-8.3701595, 40.244706], [-8.3710214, 40.2443709], [-8.3719808, 40.2441475], [-8.372859, 40.2438123], [-8.3736558, 40.2435641], [-8.3740624, 40.2433903], [-8.3745017, 40.2434577]]}}, {"type": "Feature", "properties": {"osm_id": 977806114, "name": null, "waterway": "stream", "intermittent": null, "tunnel": null}, "geometry": {"type": "LineString", "coordinates": [[-8.3657363, 40.2510858], [-8.3664518, 40.2508996], [-8.3671511, 40.250912], [-8.3678015, 40.2507383], [-8.3681918, 40.2507383], [-8.3688098, 40.2505769], [-8.3692489, 40.2502046], [-8.3696229, 40.2498695], [-8.3701758, 40.249373], [-8.3706474, 40.2490379], [-8.3710864, 40.2487772], [-8.3715255, 40.2484669], [-8.3729891, 40.2478588], [-8.3737209, 40.2475733], [-8.3740786, 40.2473623], [-8.3741274, 40.2472754], [-8.3744852, 40.2468161], [-8.3746478, 40.2464314], [-8.3748267, 40.2461583], [-8.3754771, 40.246059], [-8.3759975, 40.2460962], [-8.376653, 40.2462317]]}}, {"type": "Feature", "properties": {"osm_id": 977806116, "name": null, "waterway": "stream", "intermittent": null, "tunnel": null}, "geometry": {"type": "LineString", "coordinates": [[-8.384722, 40.2385039], [-8.3852741, 40.2378771], [-8.385713, 40.237715], [-8.3862368, 40.237715], [-8.3867323, 40.2378663], [-8.3872844, 40.2382986], [-8.3875675, 40.2388606], [-8.387794, 40.2394333], [-8.3882046, 40.240179], [-8.3887142, 40.2408598], [-8.3892805, 40.2417135], [-8.3898892, 40.2422214], [-8.390682, 40.2431075], [-8.3916022, 40.2437558], [-8.3920269, 40.2439935], [-8.3922888, 40.2440152], [-8.3929542, 40.2440584], [-8.3933293, 40.2440043], [-8.3940301, 40.2438477], [-8.3945966, 40.2440648]]}}, {"type": "Feature", "properties": {"osm_id": 977806117, "name": "Ribeira de Vilarinho", "waterway": "stream", "intermittent": null, "tunnel": null}, "geometry": {"type": "LineString", "coordinates": [[-8.4066962, 40.2639993], [-8.4071683, 40.2630333], [-8.4079622, 40.2617561], [-8.4083055, 40.261052], [-8.4087776, 40.2601186], [-8.409078, 40.2595782], [-8.4095715, 40.2588414], [-8.4097566, 40.2587196], [-8.4101938, 40.258432], [-8.4121894, 40.2579244], [-8.4136056, 40.2574495], [-8.4144424, 40.2571711], [-8.4152578, 40.2569091], [-8.4175538, 40.2567781], [-8.420236, 40.2562377], [-8.4210514, 40.2563032], [-8.4220384, 40.2563687], [-8.4229826, 40.2563687], [-8.4239482, 40.2562704], [-8.4247421, 40.2558119], [-8.4254073, 40.2555499], [-8.4259413, 40.2555234]]}}, {"type": "Feature", "properties": {"osm_id": 977806118, "name": "Ribeiro dos Cortiços", "waterway": "stream", "intermittent": null, "tunnel": null}, "geometry": {"type": "LineString", "coordinates": [[-8.3645718, 40.2386622], [-8.3658421, 40.2384911], [-8.3664772, 40.2382344], [-8.3670189, 40.2380491], [-8.367654, 40.2379207], [-8.3683452, 40.2377068], [-8.3689429, 40.2374502], [-8.3696901, 40.2373076], [-8.3714087, 40.2374929], [-8.3725108, 40.2375928], [-8.3734261, 40.2377068], [-8.3739865, 40.2375215], [-8.3743848, 40.2374037], [-8.3746449, 40.2370935], [-8.3747878, 40.23705], [-8.3749532, 40.2371074], [-8.375152, 40.2371042], [-8.3753773, 40.2370499], [-8.3755173, 40.2370823], [-8.3757266, 40.2371651], [-8.3757821, 40.2372649], [-8.3757998, 40.2374337], [-8.3759708, 40.2376548], [-8.3770189, 40.2382763], [-8.3777263, 40.2387826], [-8.3782537, 40.2390449], [-8.3792356, 40.2397602], [-8.3799455, 40.2402735], [-8.380207, 40.2408582], [-8.3803751, 40.2414428], [-8.3806366, 40.2418991], [-8.3811783, 40.2422698], [-8.3818508, 40.2426976], [-8.3827101, 40.2429257], [-8.3831584, 40.2433677], [-8.3834386, 40.243881], [-8.3838683, 40.2443373], [-8.3846528, 40.2446367], [-8.3855868, 40.2447651], [-8.3861846, 40.2449504], [-8.3867823, 40.2453211], [-8.3873988, 40.2456491], [-8.3881273, 40.2460625], [-8.3885756, 40.2466329], [-8.3891173, 40.2469323], [-8.3896777, 40.2473172], [-8.3901074, 40.2477592], [-8.3905546, 40.2477431], [-8.3912766, 40.2475054], [-8.3918287, 40.2471596], [-8.3922575, 40.2466407], [-8.3924091, 40.2464572], [-8.3929471, 40.2460142], [-8.3930462, 40.2456252], [-8.3933647, 40.2453659], [-8.3939107, 40.2450607], [-8.394382, 40.2450693]]}}, {"type": "Feature", "properties": {"osm_id": 977806119, "name": null, "waterway": "stream", "intermittent": null, "tunnel": null}, "geometry": {"type": "LineString", "coordinates": [[-8.373025, 40.2534704], [-8.3735723, 40.2529967], [-8.3738835, 40.2527429], [-8.374259, 40.2525218], [-8.3747203, 40.2523007], [-8.3752225, 40.2520814], [-8.375847, 40.2518538], [-8.3772952, 40.2518012], [-8.3779068, 40.2515638], [-8.3783754, 40.251316], [-8.3791107, 40.250645]]}}, {"type": "Feature", "properties": {"osm_id": 977806121, "name": "Barroco do Luzouro", "waterway": "stream", "intermittent": null, "tunnel": null}, "geometry": {"type": "LineString", "coordinates": [[-8.3627628, 40.2520564], [-8.3635353, 40.2535466], [-8.3641147, 40.2550205], [-8.3643936, 40.255872], [-8.364748, 40.2568553], [-8.3654258, 40.2573726], [-8.3661037, 40.2579181], [-8.3664364, 40.2582097], [-8.3665104, 40.2585671], [-8.3666829, 40.2587834], [-8.3672498, 40.2589715], [-8.3676442, 40.2592536], [-8.36794, 40.2595358], [-8.368396, 40.2598273], [-8.3693449, 40.2602976], [-8.3698379, 40.2604762], [-8.3703925, 40.2605139], [-8.3707992, 40.2605421], [-8.3712182, 40.2606549], [-8.3716003, 40.2606549], [-8.372007, 40.2606079], [-8.3723067, 40.2605303]]}}, {"type": "Feature", "properties": {"osm_id": 977806126, "name": null, "waterway": "stream", "intermittent": null, "tunnel": null}, "geometry": {"type": "LineString", "coordinates": [[-8.3708896, 40.278189], [-8.37141, 40.2780153], [-8.3719466, 40.2778044], [-8.3725646, 40.2775687], [-8.3734752, 40.2772585], [-8.3739468, 40.2768243], [-8.3743696, 40.2765389], [-8.3747274, 40.2761295], [-8.3749388, 40.2758565], [-8.375508, 40.2755464], [-8.3758169, 40.2752486], [-8.3759308, 40.2748764], [-8.3760609, 40.274591], [-8.3762397, 40.2742684], [-8.3766951, 40.273586], [-8.3772317, 40.2732138], [-8.377557, 40.2729533], [-8.3779472, 40.2727796], [-8.3784026, 40.2726431], [-8.3789067, 40.2726183], [-8.3796222, 40.2726183], [-8.380354, 40.2725562], [-8.3806792, 40.2723329], [-8.3814598, 40.2713403], [-8.3813664, 40.2708607], [-8.3816224, 40.2707819], [-8.3819187, 40.270532], [-8.3823054, 40.2703353], [-8.3829396, 40.2702856], [-8.3835088, 40.2702856], [-8.3838015, 40.2703725], [-8.3840292, 40.2705958], [-8.3841593, 40.2709184], [-8.3844195, 40.2709308], [-8.3849724, 40.2707447], [-8.385444, 40.2706579], [-8.3859318, 40.2707695], [-8.3863058, 40.2710177], [-8.3868587, 40.2712038], [-8.3872978, 40.2712534], [-8.3882735, 40.2710797], [-8.3901436, 40.2704966], [-8.3907291, 40.2703477], [-8.39203, 40.2705462], [-8.3928106, 40.2706579], [-8.3937863, 40.2704841], [-8.3943392, 40.2701243], [-8.3956727, 40.2692806], [-8.3964045, 40.2684741], [-8.396746, 40.267866], [-8.3970712, 40.2672208], [-8.3971362, 40.2669602], [-8.3973964, 40.2661785], [-8.3973639, 40.265434], [-8.3972501, 40.2646894], [-8.397429, 40.263312], [-8.3977893, 40.2627114], [-8.3979664, 40.2626417], [-8.398475, 40.2626134], [-8.3991468, 40.2623442], [-8.4003236, 40.2620215], [-8.401218, 40.2616244], [-8.4021124, 40.2610287], [-8.4026165, 40.2606192], [-8.4031531, 40.2605323], [-8.4034459, 40.2605075], [-8.4043728, 40.260371], [-8.4051046, 40.2599243], [-8.4054786, 40.2594651], [-8.405862, 40.2590116], [-8.4062076, 40.2588263], [-8.4064005, 40.2586305], [-8.4066848, 40.2585445], [-8.4068296, 40.2584095], [-8.4069047, 40.2582989], [-8.4070406, 40.2582029], [-8.4071667, 40.2581722], [-8.4073759, 40.2581415], [-8.4074724, 40.2580781], [-8.4075609, 40.2579553], [-8.4076146, 40.2578652], [-8.4077541, 40.257814], [-8.408201, 40.2578841], [-8.4084413, 40.2579734], [-8.4085954, 40.2581286], [-8.4086508, 40.2582744], [-8.4089281, 40.2584625], [-8.4091685, 40.2585754], [-8.4095135, 40.2586741], [-8.4097566, 40.2587196]]}}, {"type": "Feature", "properties": {"osm_id": 977808499, "name": "Ribeira das Eiras", "waterway": "stream", "intermittent": null, "tunnel": null}, "geometry": {"type": "LineString", "coordinates": [[-8.4238498, 40.2540277], [-8.4243076, 40.2540496], [-8.4244514, 40.2542375], [-8.4247805, 40.2542998], [-8.425324, 40.2545742], [-8.4252922, 40.2547937], [-8.4258301, 40.2551156], [-8.4259919, 40.255391], [-8.4259413, 40.2555234]]}}, {"type": "Feature", "properties": {"osm_id": 977810544, "name": null, "waterway": "stream", "intermittent": null, "tunnel": null}, "geometry": {"type": "LineString", "coordinates": [[-8.3645492, 40.2417518], [-8.36572, 40.2417394], [-8.3663705, 40.241789], [-8.3669559, 40.2418883], [-8.3671572, 40.2418755]]}}, {"type": "Feature", "properties": {"osm_id": 977810545, "name": null, "waterway": "stream", "intermittent": null, "tunnel": null}, "geometry": {"type": "LineString", "coordinates": [[-8.3966546, 40.2371106], [-8.3968263, 40.237602], [-8.3968906, 40.2380033], [-8.3971159, 40.2385439], [-8.3972447, 40.2390107], [-8.397328, 40.2394752], [-8.3971722, 40.240102], [-8.3965777, 40.2417662], [-8.396337, 40.2421984], [-8.3955725, 40.2424902], [-8.3951692, 40.2429122], [-8.3949439, 40.2436902], [-8.3947884, 40.24394], [-8.3945966, 40.2440648], [-8.3943163, 40.2442471], [-8.394382, 40.2450693]]}}, {"type": "Feature", "properties": {"osm_id": 977810546, "name": "Ribeiro dos Canários", "waterway": "stream", "intermittent": null, "tunnel": null}, "geometry": {"type": "LineString", "coordinates": [[-8.3795202, 40.2507875], [-8.3795296, 40.250763], [-8.3796664, 40.2506097], [-8.3799454, 40.2505442], [-8.3804926, 40.2507489], [-8.3814367, 40.2508881], [-8.3819816, 40.2508245], [-8.3823925, 40.2503683], [-8.3830837, 40.2501687], [-8.3839803, 40.250126], [-8.3845407, 40.2500689], [-8.3851572, 40.249741], [-8.3856615, 40.2496412], [-8.3861099, 40.2497267], [-8.3864461, 40.2500119], [-8.3867823, 40.2502115], [-8.3872493, 40.2501972], [-8.3879592, 40.2499406], [-8.3886317, 40.2495414], [-8.3892107, 40.2489569], [-8.3893415, 40.2485434], [-8.3897338, 40.2481299], [-8.3901074, 40.2477592]]}}, {"type": "Feature", "properties": {"osm_id": 977810547, "name": null, "waterway": "stream", "intermittent": null, "tunnel": null}, "geometry": {"type": "LineString", "coordinates": [[-8.3886671, 40.2552018], [-8.3888603, 40.2549234], [-8.3892036, 40.2540227], [-8.3896542, 40.2533676], [-8.3901263, 40.252729], [-8.3905778, 40.2515442], [-8.3909598, 40.2510174], [-8.3918225, 40.2504625], [-8.3922415, 40.2502837], [-8.3926359, 40.2500016], [-8.3929563, 40.2496912], [-8.3929317, 40.2494372], [-8.3926606, 40.2490327], [-8.3924634, 40.2485906], [-8.3924387, 40.2479604], [-8.3923401, 40.2476406], [-8.3923071, 40.2471244], [-8.3922575, 40.2466407]]}}, {"type": "Feature", "properties": {"osm_id": 977810548, "name": null, "waterway": "stream", "intermittent": null, "tunnel": null}, "geometry": {"type": "LineString", "coordinates": [[-8.3810858, 40.2624416], [-8.3808598, 40.2621956], [-8.3805594, 40.2614752], [-8.3802727, 40.2606505], [-8.3803294, 40.2603048], [-8.3802303, 40.2600023], [-8.3799519, 40.2592047], [-8.379909, 40.2584187], [-8.3798017, 40.2576163], [-8.3796515, 40.2572233], [-8.3792011, 40.2557771], [-8.3791686, 40.2554048], [-8.3790548, 40.254958], [-8.3790548, 40.2544492]]}}, {"type": "Feature", "properties": {"osm_id": 977846106, "name": "Barroco do Velho", "waterway": "stream", "intermittent": null, "tunnel": null}, "geometry": {"type": "LineString", "coordinates": [[-8.3718837, 40.2625735], [-8.371896, 40.262329], [-8.3722658, 40.261934], [-8.3723767, 40.2615578], [-8.3723151, 40.2612004], [-8.3722534, 40.260843], [-8.3722781, 40.2605891], [-8.3723067, 40.2605303], [-8.3724383, 40.2602599], [-8.3729929, 40.2593759], [-8.3733873, 40.2591784], [-8.3734735, 40.2589433], [-8.3734489, 40.2587175], [-8.3735968, 40.2585859], [-8.3742007, 40.2581908], [-8.374595, 40.2576454], [-8.375051, 40.2572033], [-8.3752605, 40.2568741], [-8.3756303, 40.2564791], [-8.3761972, 40.2557925], [-8.3767148, 40.2556514], [-8.3771954, 40.2555856], [-8.3776514, 40.2553599], [-8.3780088, 40.2550589], [-8.3785511, 40.2547297], [-8.3789208, 40.2544945], [-8.3790548, 40.2544492], [-8.3792662, 40.2539652], [-8.3792499, 40.2535804], [-8.3791198, 40.2531585], [-8.3791523, 40.2526124], [-8.3793637, 40.2521532], [-8.3792662, 40.2518057], [-8.3793963, 40.2512223], [-8.3795202, 40.2507875]]}}, {"type": "Feature", "properties": {"osm_id": 985174196, "name": null, "waterway": "stream", "intermittent": null, "tunnel": "culvert"}, "geometry": {"type": "LineString", "coordinates": [[-8.4193144, 40.2241506], [-8.4196303, 40.2241049]]}}, {"type": "Feature", "properties": {"osm_id": 985174197, "name": "Ribeira de Coselhas", "waterway": "stream", "intermittent": null, "tunnel": null}, "geometry": {"type": "LineString", "coordinates": [[-8.4196303, 40.2241049], [-8.4201229, 40.2241117], [-8.4204186, 40.2241489], [-8.4206703, 40.2242072], [-8.4208579, 40.2242504], [-8.4214065, 40.2243288], [-8.4217852, 40.2243504], [-8.4220542, 40.2243639], [-8.4224258, 40.2243315], [-8.4225426, 40.2243207], [-8.4228505, 40.2242423], [-8.4236043, 40.224018], [-8.4241848, 40.2238505], [-8.4247263, 40.2237343], [-8.4250696, 40.2236397], [-8.4259756, 40.2233478], [-8.4264251, 40.2231965], [-8.4265065, 40.2231533], [-8.4267047, 40.222956], [-8.4269524, 40.2227723], [-8.4270657, 40.2227074]]}}, {"type": "Feature", "properties": {"osm_id": 985174198, "name": null, "waterway": "stream", "intermittent": null, "tunnel": "culvert"}, "geometry": {"type": "LineString", "coordinates": [[-8.4270657, 40.2227074], [-8.4273604, 40.2226593]]}}, {"type": "Feature", "properties": {"osm_id": 985174199, "name": null, "waterway": "stream", "intermittent": null, "tunnel": null}, "geometry": {"type": "LineString", "coordinates": [[-8.3800154, 40.2134207], [-8.3802115, 40.2137131], [-8.3804824, 40.2140911], [-8.3808467, 40.2145333], [-8.381396, 40.215007], [-8.3816887, 40.2153671], [-8.3818757, 40.2156092], [-8.3820058, 40.2158327], [-8.3820953, 40.2161804], [-8.3820953, 40.2169255], [-8.3822416, 40.2173167], [-8.3824774, 40.2176085], [-8.3827458, 40.2179375], [-8.3835426, 40.2189496], [-8.3838183, 40.2196699], [-8.3840087, 40.2201746], [-8.3842996, 40.2208698], [-8.3846394, 40.2216373], [-8.3848234, 40.2221669], [-8.3849508, 40.2224912]]}}, {"type": "Feature", "properties": {"osm_id": 985174200, "name": "Ribeira de Coselhas", "waterway": "stream", "intermittent": null, "tunnel": null}, "geometry": {"type": "LineString", "coordinates": [[-8.3795996, 40.2207401], [-8.3801092, 40.2209995], [-8.380633, 40.2213995], [-8.3812135, 40.2219291], [-8.3816948, 40.2222318], [-8.3821761, 40.2224696], [-8.382293, 40.2224958], [-8.3826574, 40.2225777], [-8.3833653, 40.2225777], [-8.3840448, 40.2223831], [-8.3844837, 40.2224155], [-8.3849508, 40.2224912], [-8.3852906, 40.2226209], [-8.3857436, 40.2228911], [-8.3860268, 40.223183], [-8.3861683, 40.2233884], [-8.3864798, 40.2241342], [-8.3866638, 40.2247719], [-8.3867791, 40.2252034], [-8.3870312, 40.225489], [-8.3874052, 40.2256566], [-8.3876889, 40.2256803], [-8.3879225, 40.2256209], [-8.388235, 40.225508], [-8.3883691, 40.225508], [-8.3885622, 40.2255285], [-8.3888519, 40.225594], [-8.3890598, 40.2257533], [-8.3890998, 40.2258192], [-8.3891153, 40.2259157], [-8.3891769, 40.2260121], [-8.3893494, 40.226118], [-8.3896452, 40.226285], [-8.3898193, 40.2262595], [-8.3901305, 40.2262431], [-8.3903719, 40.2262472], [-8.3906186, 40.2262472], [-8.3909405, 40.2262636], [-8.3911873, 40.2263251], [-8.3914555, 40.2264971], [-8.3917183, 40.2266527], [-8.3920295, 40.2267551], [-8.3926243, 40.2267848], [-8.3931193, 40.226685], [-8.3933248, 40.2265067], [-8.3935489, 40.226414], [-8.3937918, 40.2263784], [-8.3942121, 40.2263998], [-8.3947071, 40.2264426], [-8.3952021, 40.226414], [-8.3963136, 40.2262072], [-8.3969394, 40.2259077], [-8.3972785, 40.2258016], [-8.3975091, 40.2257294], [-8.3976959, 40.2256225], [-8.3977333, 40.2254585], [-8.3978547, 40.2252374], [-8.3980415, 40.2249236], [-8.3982937, 40.2246312], [-8.3988447, 40.2240393], [-8.3990884, 40.2239153]]}}, {"type": "Feature", "properties": {"osm_id": 985174201, "name": null, "waterway": "stream", "intermittent": null, "tunnel": null}, "geometry": {"type": "LineString", "coordinates": [[-8.3955948, 40.2181287], [-8.3955948, 40.218399], [-8.395793, 40.21908], [-8.3959629, 40.219988], [-8.396143, 40.2203818], [-8.3962743, 40.220669], [-8.39643, 40.2210582], [-8.397007, 40.221689], [-8.3977588, 40.2221783], [-8.3984859, 40.2225077], [-8.39925, 40.2226206], [-8.4001004, 40.22263], [-8.4005605, 40.2225821]]}}, {"type": "Feature", "properties": {"osm_id": 985174202, "name": "Ribeira de Coselhas", "waterway": "stream", "intermittent": null, "tunnel": null}, "geometry": {"type": "LineString", "coordinates": [[-8.403186, 40.2223349], [-8.4033361, 40.2223349], [-8.4036442, 40.2223773], [-8.4038044, 40.2224714], [-8.4039954, 40.2225655], [-8.4042481, 40.2226596], [-8.4045562, 40.2227631], [-8.4047836, 40.2227793], [-8.4049315, 40.2227699], [-8.405138, 40.2227393], [-8.4053043, 40.2227017], [-8.4054245, 40.2226876], [-8.4055077, 40.2227017], [-8.4055539, 40.2227581], [-8.4059463, 40.2232798], [-8.4061823, 40.2234437], [-8.4064667, 40.2235256], [-8.406633, 40.223542], [-8.4067724, 40.2235829], [-8.406987, 40.2236894], [-8.407105, 40.2238287], [-8.4075883, 40.224678], [-8.4079433, 40.2250845], [-8.4085504, 40.2253341], [-8.4091575, 40.2254981], [-8.4099514, 40.2255908], [-8.4107266, 40.2255551], [-8.4113991, 40.2255337], [-8.4123891, 40.2256764], [-8.4128561, 40.2256764], [-8.4134352, 40.2256621], [-8.4140423, 40.2255409], [-8.4143038, 40.2254767], [-8.4146587, 40.2254838], [-8.415079, 40.2255551], [-8.4153966, 40.2255623], [-8.4159103, 40.2255052], [-8.4162372, 40.2253341], [-8.4165454, 40.2251915], [-8.4168536, 40.2249704], [-8.4172272, 40.2247707], [-8.4175134, 40.224504], [-8.4177656, 40.2243757], [-8.4181018, 40.2242188], [-8.4184708, 40.2241011], [-8.418849, 40.2240726], [-8.4192111, 40.2241392], [-8.4193144, 40.2241506]]}}, {"type": "Feature", "properties": {"osm_id": 985174203, "name": "Ribeira de Coselhas", "waterway": "stream", "intermittent": null, "tunnel": "culvert"}, "geometry": {"type": "LineString", "coordinates": [[-8.3990884, 40.2239153], [-8.3994767, 40.2233322]]}}, {"type": "Feature", "properties": {"osm_id": 985174204, "name": null, "waterway": "stream", "intermittent": null, "tunnel": null}, "geometry": {"type": "LineString", "coordinates": [[-8.3780364, 40.2290929], [-8.3786902, 40.2287792], [-8.3791572, 40.2284226], [-8.380334, 40.2274243], [-8.381268, 40.2270392], [-8.3827064, 40.2264545], [-8.3833415, 40.2260979], [-8.384014, 40.2258412], [-8.3846118, 40.2255987], [-8.3851161, 40.2253991], [-8.3857326, 40.2252279], [-8.3863116, 40.2251851], [-8.3867791, 40.2252034]]}}, {"type": "Feature", "properties": {"osm_id": 985174205, "name": null, "waterway": "stream", "intermittent": null, "tunnel": null}, "geometry": {"type": "LineString", "coordinates": [[-8.3782792, 40.2249284], [-8.3791572, 40.2246574], [-8.380689, 40.2241297], [-8.3813801, 40.2237018], [-8.3817537, 40.2232311], [-8.3820526, 40.2227747], [-8.382293, 40.2224958]]}}, {"type": "Feature", "properties": {"osm_id": 985174206, "name": null, "waterway": "stream", "intermittent": null, "tunnel": null}, "geometry": {"type": "LineString", "coordinates": [[-8.3808944, 40.2341413], [-8.3821086, 40.2339987], [-8.3834723, 40.2339131], [-8.3846118, 40.2338561], [-8.385415, 40.2336565], [-8.386293, 40.2333712], [-8.3870215, 40.2333998], [-8.3878621, 40.2336279], [-8.3885532, 40.233685], [-8.3898795, 40.2332429], [-8.391019, 40.2329434], [-8.39143, 40.2325726], [-8.3917475, 40.2322732], [-8.392887, 40.2312036], [-8.3936715, 40.2302053], [-8.3941012, 40.229535], [-8.3951846, 40.2283941], [-8.3961186, 40.2272959], [-8.3967911, 40.2265258], [-8.3972785, 40.2258016]]}}, {"type": "Feature", "properties": {"osm_id": 999689108, "name": null, "waterway": "stream", "intermittent": null, "tunnel": null}, "geometry": {"type": "LineString", "coordinates": [[-8.4158706, 40.2205292], [-8.4162209, 40.2207897]]}}, {"type": "Feature", "properties": {"osm_id": 999689113, "name": null, "waterway": "stream", "intermittent": null, "tunnel": null}, "geometry": {"type": "LineString", "coordinates": [[-8.4158707, 40.2200661], [-8.4160262, 40.2201644], [-8.41667, 40.2209631]]}}, {"type": "Feature", "properties": {"osm_id": 1117589729, "name": null, "waterway": "stream", "intermittent": null, "tunnel": null}, "geometry": {"type": "LineString", "coordinates": [[-8.3414943, 40.1984654], [-8.3418765, 40.1983789], [-8.3422446, 40.198314], [-8.3427118, 40.198022], [-8.3434338, 40.1972543], [-8.3438585, 40.1969623], [-8.3448495, 40.196865], [-8.3455432, 40.1970597], [-8.3466049, 40.19733], [-8.3481763, 40.1978707], [-8.3486293, 40.1979572], [-8.3493655, 40.197849], [-8.3513616, 40.1976219], [-8.3524941, 40.1972435], [-8.3530373, 40.1970194], [-8.3536382, 40.1967571], [-8.3556981, 40.1963474], [-8.357007, 40.1961671], [-8.3584018, 40.1962654], [-8.3603115, 40.1967899], [-8.3612127, 40.1971833], [-8.3622641, 40.1971833], [-8.362822, 40.1971669], [-8.3640237, 40.1973308], [-8.3644872, 40.1975202]]}}, {"type": "Feature", "properties": {"osm_id": 1117589803, "name": null, "waterway": "stream", "intermittent": null, "tunnel": null}, "geometry": {"type": "LineString", "coordinates": [[-8.3578868, 40.1915285], [-8.358552, 40.1914629], [-8.3591528, 40.1914793], [-8.3597965, 40.1918235], [-8.3604617, 40.192135], [-8.3612127, 40.1923153], [-8.3621139, 40.1922497], [-8.3628864, 40.192053], [-8.3634443, 40.1920366], [-8.364603, 40.1921514], [-8.3652038, 40.1919711], [-8.3658476, 40.1916432], [-8.3661909, 40.1916104], [-8.3669634, 40.1920858], [-8.3678431, 40.192807], [-8.3684225, 40.1935938], [-8.3690233, 40.1942166], [-8.3692808, 40.1947247], [-8.3693325, 40.1950032]]}}, {"type": "Feature", "properties": {"osm_id": 1127557028, "name": null, "waterway": "stream", "intermittent": null, "tunnel": null}, "geometry": {"type": "LineString", "coordinates": [[-8.3587931, 40.2611284], [-8.3586859, 40.2604571], [-8.3582782, 40.25936], [-8.3584927, 40.2572967], [-8.3584498, 40.2566581], [-8.3579134, 40.25561], [-8.3577203, 40.2549222], [-8.3577846, 40.2542672], [-8.358085, 40.2537431], [-8.3584498, 40.2532355], [-8.3594798, 40.2515814], [-8.3594154, 40.2508445], [-8.3598231, 40.2501403], [-8.3601235, 40.2494688], [-8.3599304, 40.2489283], [-8.359394, 40.2482569], [-8.3589648, 40.2475362], [-8.3590077, 40.247307], [-8.3591665, 40.246841]]}}, {"type": "Feature", "properties": {"osm_id": 1127557031, "name": null, "waterway": "stream", "intermittent": null, "tunnel": null}, "geometry": {"type": "LineString", "coordinates": [[-8.3520125, 40.2259469], [-8.3531069, 40.2249311], [-8.3536862, 40.2245543], [-8.3546304, 40.2242594], [-8.3556603, 40.2240464], [-8.3565615, 40.2238662], [-8.3572482, 40.2235549], [-8.3579778, 40.22326], [-8.3590506, 40.2230143], [-8.3602094, 40.2228668], [-8.3610677, 40.2226866], [-8.3615721, 40.2225383]]}}, {"type": "Feature", "properties": {"osm_id": 1127557032, "name": null, "waterway": "stream", "intermittent": null, "tunnel": null}, "geometry": {"type": "LineString", "coordinates": [[-8.3698653, 40.2129539], [-8.370037, 40.2123148], [-8.3701657, 40.211643], [-8.3702945, 40.2111022], [-8.3704876, 40.2105123], [-8.370501, 40.2102558], [-8.3704421, 40.210124], [-8.3704461, 40.2101015], [-8.3701013, 40.2097258], [-8.3694791, 40.2092669], [-8.3692859, 40.2090211], [-8.3690714, 40.2082673], [-8.368728, 40.206858], [-8.3684062, 40.2063172], [-8.3678268, 40.2051536], [-8.3674406, 40.2045964], [-8.3669041, 40.203859], [-8.3661326, 40.202913]]}}, {"type": "Feature", "properties": {"osm_id": 1127557033, "name": null, "waterway": "stream", "intermittent": null, "tunnel": null}, "geometry": {"type": "LineString", "coordinates": [[-8.3768317, 40.2038598], [-8.3767532, 40.2034001], [-8.3767961, 40.2026298], [-8.3756374, 40.2004009], [-8.3753799, 40.1997126], [-8.3751291, 40.1993559]]}}, {"type": "Feature", "properties": {"osm_id": 1127557034, "name": null, "waterway": "stream", "intermittent": "yes", "tunnel": null}, "geometry": {"type": "LineString", "coordinates": [[-8.3825621, 40.1871169], [-8.3830403, 40.1875014], [-8.3839415, 40.1881735], [-8.3845209, 40.1886653], [-8.3847998, 40.1889439], [-8.3848917, 40.1892714], [-8.384993, 40.1896324], [-8.3855509, 40.1907306], [-8.3861689, 40.1913418]]}}, {"type": "Feature", "properties": {"osm_id": 1133247147, "name": null, "waterway": "stream", "intermittent": null, "tunnel": null}, "geometry": {"type": "LineString", "coordinates": [[-8.3847404, 40.2555784], [-8.3846116, 40.2548906], [-8.3846331, 40.2541701], [-8.3847618, 40.253646], [-8.3851695, 40.2525161], [-8.3852983, 40.2518938], [-8.3858347, 40.2509275], [-8.3864461, 40.2500119]]}}, {"type": "Feature", "properties": {"osm_id": 1158979502, "name": "Ribeira dos Covões", "waterway": "stream", "intermittent": null, "tunnel": null}, "geometry": {"type": "LineString", "coordinates": [[-8.4473498, 40.2149715], [-8.4470346, 40.2150928], [-8.4465559, 40.2152889], [-8.4459339, 40.2155655], [-8.4456271, 40.2157374], [-8.445226, 40.2160102], [-8.4447252, 40.2164176], [-8.4444474, 40.216685], [-8.4438426, 40.2172895], [-8.4437303, 40.2173992]]}}, {"type": "Feature", "properties": {"osm_id": 1158979503, "name": "Ribeira dos Covões", "waterway": "stream", "intermittent": null, "tunnel": "culvert"}, "geometry": {"type": "LineString", "coordinates": [[-8.4479727, 40.2141504], [-8.4474595, 40.2147736], [-8.4473498, 40.2149715]]}}, {"type": "Feature", "properties": {"osm_id": 1160490316, "name": null, "waterway": "stream", "intermittent": null, "tunnel": null}, "geometry": {"type": "LineString", "coordinates": [[-8.3839342, 40.2582392], [-8.3846497, 40.2580841], [-8.3851701, 40.2581338], [-8.3854709, 40.2582889], [-8.3858693, 40.2585185], [-8.3861133, 40.2585805], [-8.3865767, 40.2586798], [-8.3869508, 40.2588535], [-8.3871784, 40.2590335], [-8.3873492, 40.2591824], [-8.3877639, 40.2593437], [-8.3882111, 40.2594927], [-8.3886989, 40.2597657], [-8.3895039, 40.2598277], [-8.3897885, 40.2597781], [-8.390195, 40.2596602], [-8.3906503, 40.2594989], [-8.3908373, 40.2593251], [-8.3913902, 40.2592569], [-8.3919757, 40.2587667], [-8.3927974, 40.2585067], [-8.3929655, 40.258439], [-8.3934465, 40.2583499], [-8.3937781, 40.2582109], [-8.3939742, 40.2581218], [-8.394147, 40.2579685], [-8.3945766, 40.2575694], [-8.3948055, 40.2573306], [-8.3948615, 40.2571488], [-8.3948241, 40.2565358], [-8.3948708, 40.2563719], [-8.3950203, 40.2560903], [-8.3952538, 40.2558587], [-8.3954079, 40.2558373], [-8.3955387, 40.2556199], [-8.3957441, 40.2553134], [-8.3957301, 40.2550211], [-8.3957722, 40.2548608], [-8.3959309, 40.2546505], [-8.3963512, 40.2542798], [-8.3967575, 40.2538414], [-8.3971265, 40.2534369], [-8.3972397, 40.2533451], [-8.3973954, 40.253291], [-8.3978131, 40.253183], [-8.398397, 40.2530128], [-8.3986625, 40.2529642], [-8.3990553, 40.2530371], [-8.3998021, 40.2531533], [-8.4002586, 40.253129], [-8.4005135, 40.2530506], [-8.4009948, 40.2530533], [-8.4012532, 40.2530371], [-8.4018761, 40.2526941], [-8.4019716, 40.252632], [-8.4020636, 40.2523943], [-8.402138, 40.2522997], [-8.4023609, 40.252297], [-8.4027112, 40.2520959], [-8.4034119, 40.251815], [-8.4039145, 40.2516313], [-8.4045915, 40.2514264], [-8.4047989, 40.2512154], [-8.4048883, 40.2511223], [-8.4050753, 40.251082], [-8.4055428, 40.2509982], [-8.4058152, 40.2507934], [-8.4059453, 40.2507345], [-8.4063071, 40.2507252], [-8.4065226, 40.2507624], [-8.4066934, 40.2507562], [-8.406982, 40.2506786], [-8.4075227, 40.2506476], [-8.4079504, 40.250547], [-8.4082819, 40.2503438], [-8.4086836, 40.2500997], [-8.4088399, 40.249989], [-8.4090025, 40.2498307], [-8.4091204, 40.2497625], [-8.4092343, 40.2497004], [-8.4093304, 40.2495971], [-8.4094004, 40.2494082], [-8.4095966, 40.2492763], [-8.40976, 40.2491409], [-8.4099071, 40.2490321], [-8.4099561, 40.2489715], [-8.4099702, 40.2488611], [-8.4099421, 40.2488165], [-8.4100285, 40.2487114], [-8.4102247, 40.2485902], [-8.4102527, 40.2484066], [-8.4103087, 40.2483264], [-8.4104208, 40.2482391], [-8.4104955, 40.2481785], [-8.4105376, 40.2481214], [-8.4105352, 40.2480502], [-8.4105212, 40.2478559], [-8.4105492, 40.24779], [-8.4106081, 40.2476804]]}}, {"type": "Feature", "properties": {"osm_id": 1160490317, "name": null, "waterway": "stream", "intermittent": null, "tunnel": null}, "geometry": {"type": "LineString", "coordinates": [[-8.3854953, 40.25693], [-8.3858287, 40.2570727], [-8.3861214, 40.2571596], [-8.3865117, 40.2572526], [-8.3869508, 40.2573023], [-8.3871459, 40.2573209], [-8.3875931, 40.2573829], [-8.3879915, 40.2574202], [-8.3882842, 40.2575133], [-8.3885038, 40.2576746], [-8.3887558, 40.257898], [-8.3890973, 40.2582268], [-8.3893413, 40.2584502], [-8.3895771, 40.2586798], [-8.3900893, 40.2588349], [-8.3903007, 40.2589404], [-8.3904958, 40.2590831], [-8.3906585, 40.2592134], [-8.3908373, 40.2593251]]}}, {"type": "Feature", "properties": {"osm_id": 1164452562, "name": null, "waterway": "stream", "intermittent": null, "tunnel": null}, "geometry": {"type": "LineString", "coordinates": [[-8.4673716, 40.1818327], [-8.466817, 40.1823788], [-8.4665582, 40.1827836], [-8.4662994, 40.1831885], [-8.4658065, 40.1838005], [-8.4653012, 40.1843749], [-8.4648575, 40.1846856], [-8.4639332, 40.1853823], [-8.4634525, 40.1857495], [-8.4627582, 40.1860318]]}}, {"type": "Feature", "properties": {"osm_id": 1176897272, "name": null, "waterway": "stream", "intermittent": null, "tunnel": null}, "geometry": {"type": "LineString", "coordinates": [[-8.4354711, 40.1969002], [-8.4354105, 40.1969211], [-8.4351948, 40.1969919], [-8.4351665, 40.1970039], [-8.4351678, 40.1971084], [-8.4351562, 40.1971595], [-8.4346437, 40.1973359], [-8.434523, 40.1973779], [-8.434473, 40.197422]]}}, {"type": "Feature", "properties": {"osm_id": 1176897273, "name": null, "waterway": "stream", "intermittent": null, "tunnel": null}, "geometry": {"type": "LineString", "coordinates": [[-8.4337049, 40.1979965], [-8.4336738, 40.198009]]}}, {"type": "Feature", "properties": {"osm_id": 1176897274, "name": null, "waterway": "stream", "intermittent": null, "tunnel": "culvert"}, "geometry": {"type": "LineString", "coordinates": [[-8.4337192, 40.1979904], [-8.4337049, 40.1979965]]}}, {"type": "Feature", "properties": {"osm_id": 1176897275, "name": null, "waterway": "stream", "intermittent": null, "tunnel": null}, "geometry": {"type": "LineString", "coordinates": [[-8.4338508, 40.1979265], [-8.4337192, 40.1979904]]}}, {"type": "Feature", "properties": {"osm_id": 1176897276, "name": null, "waterway": "stream", "intermittent": null, "tunnel": "culvert"}, "geometry": {"type": "LineString", "coordinates": [[-8.43395, 40.1978524], [-8.4338508, 40.1979265]]}}, {"type": "Feature", "properties": {"osm_id": 1176897277, "name": null, "waterway": "stream", "intermittent": null, "tunnel": null}, "geometry": {"type": "LineString", "coordinates": [[-8.4341297, 40.1977145], [-8.4340274, 40.1977973], [-8.43395, 40.1978524]]}}, {"type": "Feature", "properties": {"osm_id": 1176897278, "name": null, "waterway": "stream", "intermittent": null, "tunnel": "culvert"}, "geometry": {"type": "LineString", "coordinates": [[-8.4341429, 40.1977038], [-8.4341297, 40.1977145]]}}, {"type": "Feature", "properties": {"osm_id": 1176897279, "name": null, "waterway": "stream", "intermittent": null, "tunnel": null}, "geometry": {"type": "LineString", "coordinates": [[-8.4344302, 40.197471], [-8.4343161, 40.1975634], [-8.4341429, 40.1977038]]}}, {"type": "Feature", "properties": {"osm_id": 1176897280, "name": null, "waterway": "stream", "intermittent": null, "tunnel": "culvert"}, "geometry": {"type": "LineString", "coordinates": [[-8.434473, 40.197422], [-8.4344302, 40.197471]]}}, {"type": "Feature", "properties": {"osm_id": 1208836476, "name": null, "waterway": "stream", "intermittent": null, "tunnel": null}, "geometry": {"type": "LineString", "coordinates": [[-8.41667, 40.2209631], [-8.4167792, 40.2210105], [-8.4169668, 40.2209807], [-8.4170676, 40.2209281], [-8.4172907, 40.2207456], [-8.4174085, 40.2206785]]}}, {"type": "Feature", "properties": {"osm_id": 1208836982, "name": null, "waterway": "stream", "intermittent": null, "tunnel": "culvert"}, "geometry": {"type": "LineString", "coordinates": [[-8.4176996, 40.2207327], [-8.4183909, 40.2208791]]}}, {"type": "Feature", "properties": {"osm_id": 1208836983, "name": null, "waterway": "stream", "intermittent": null, "tunnel": "culvert"}, "geometry": {"type": "LineString", "coordinates": [[-8.4174085, 40.2206785], [-8.4174733, 40.2206824], [-8.4175731, 40.2207059]]}}, {"type": "Feature", "properties": {"osm_id": 1208836984, "name": null, "waterway": "stream", "intermittent": null, "tunnel": "culvert"}, "geometry": {"type": "LineString", "coordinates": [[-8.4175731, 40.2207059], [-8.4176996, 40.2207327]]}}, {"type": "Feature", "properties": {"osm_id": 1208836985, "name": null, "waterway": "stream", "intermittent": null, "tunnel": "culvert"}, "geometry": {"type": "LineString", "coordinates": [[-8.4186032, 40.2209241], [-8.4187814, 40.2209618]]}}, {"type": "Feature", "properties": {"osm_id": 1208836986, "name": null, "waterway": "stream", "intermittent": null, "tunnel": "culvert"}, "geometry": {"type": "LineString", "coordinates": [[-8.4183909, 40.2208791], [-8.4186032, 40.2209241]]}}, {"type": "Feature", "properties": {"osm_id": 1208836987, "name": null, "waterway": "stream", "intermittent": null, "tunnel": null}, "geometry": {"type": "LineString", "coordinates": [[-8.4187814, 40.2209618], [-8.4188276, 40.2209716]]}}, {"type": "Feature", "properties": {"osm_id": 1208837936, "name": null, "waterway": "stream", "intermittent": null, "tunnel": null}, "geometry": {"type": "LineString", "coordinates": [[-8.4188276, 40.2209716], [-8.4188955, 40.2210406], [-8.4189418, 40.2210528], [-8.4189787, 40.2210484], [-8.4191366, 40.2209922], [-8.4193727, 40.2208755], [-8.419669, 40.2207054], [-8.41986, 40.2205745], [-8.4200371, 40.2204527], [-8.4202945, 40.220283]]}}, {"type": "Feature", "properties": {"osm_id": 1208837937, "name": null, "waterway": "stream", "intermittent": null, "tunnel": null}, "geometry": {"type": "LineString", "coordinates": [[-8.4202945, 40.220283], [-8.4211741, 40.2197076], [-8.4218042, 40.2193351], [-8.4225604, 40.2190464], [-8.4234508, 40.2188446]]}}, {"type": "Feature", "properties": {"osm_id": 1208837938, "name": null, "waterway": "stream", "intermittent": null, "tunnel": null}, "geometry": {"type": "LineString", "coordinates": [[-8.4234508, 40.2188446], [-8.424585, 40.2185963], [-8.4255201, 40.21841], [-8.4259388, 40.2183883], [-8.4262966, 40.2183821], [-8.4266422, 40.2184349], [-8.4270609, 40.218528], [-8.4273495, 40.218618], [-8.427561, 40.2187111]]}}, {"type": "Feature", "properties": {"osm_id": 1208837939, "name": null, "waterway": "stream", "intermittent": null, "tunnel": null}, "geometry": {"type": "LineString", "coordinates": [[-8.4276654, 40.2187846], [-8.427891, 40.2189432], [-8.4283617, 40.2194891], [-8.4286661, 40.219962], [-8.4290412, 40.2204755]]}}, {"type": "Feature", "properties": {"osm_id": 1208837940, "name": null, "waterway": "stream", "intermittent": null, "tunnel": "culvert"}, "geometry": {"type": "LineString", "coordinates": [[-8.4275692, 40.218717], [-8.4276654, 40.2187846]]}}, {"type": "Feature", "properties": {"osm_id": 1208837941, "name": null, "waterway": "stream", "intermittent": null, "tunnel": null}, "geometry": {"type": "LineString", "coordinates": [[-8.427561, 40.2187111], [-8.4275692, 40.218717]]}}, {"type": "Feature", "properties": {"osm_id": 1208837942, "name": null, "waterway": "stream", "intermittent": null, "tunnel": null}, "geometry": {"type": "LineString", "coordinates": [[-8.4292004, 40.2206967], [-8.4293003, 40.2208452]]}}, {"type": "Feature", "properties": {"osm_id": 1208837943, "name": null, "waterway": "stream", "intermittent": null, "tunnel": "culvert"}, "geometry": {"type": "LineString", "coordinates": [[-8.429064, 40.220508], [-8.429104, 40.2205651]]}}, {"type": "Feature", "properties": {"osm_id": 1208837944, "name": null, "waterway": "stream", "intermittent": null, "tunnel": "culvert"}, "geometry": {"type": "LineString", "coordinates": [[-8.4290412, 40.2204755], [-8.429064, 40.220508]]}}, {"type": "Feature", "properties": {"osm_id": 1208837945, "name": null, "waterway": "stream", "intermittent": null, "tunnel": "culvert"}, "geometry": {"type": "LineString", "coordinates": [[-8.4291123, 40.2205769], [-8.4292004, 40.2206967]]}}, {"type": "Feature", "properties": {"osm_id": 1208837946, "name": null, "waterway": "stream", "intermittent": null, "tunnel": null}, "geometry": {"type": "LineString", "coordinates": [[-8.429104, 40.2205651], [-8.4291123, 40.2205769]]}}, {"type": "Feature", "properties": {"osm_id": 1286274943, "name": "Ribeira das Eiras", "waterway": "stream", "intermittent": null, "tunnel": "culvert"}, "geometry": {"type": "LineString", "coordinates": [[-8.4424452, 40.2502053], [-8.4430628, 40.2498866]]}}, {"type": "Feature", "properties": {"osm_id": 1286274944, "name": "Ribeira das Eiras", "waterway": "stream", "intermittent": null, "tunnel": "culvert"}, "geometry": {"type": "LineString", "coordinates": [[-8.4424474, 40.2501555], [-8.4430574, 40.2498277]]}}, {"type": "Feature", "properties": {"osm_id": 1327409277, "name": "Ribeira dos Covões", "waterway": "stream", "intermittent": null, "tunnel": null}, "geometry": {"type": "LineString", "coordinates": [[-8.458149, 40.1939181], [-8.4578124, 40.1941631], [-8.457753, 40.1942874], [-8.4577808, 40.1945607], [-8.4578843, 40.1948361], [-8.4578318, 40.1952799], [-8.457864, 40.1953631], [-8.4578086, 40.1955514], [-8.4578024, 40.1958597], [-8.4577938, 40.1961322], [-8.4575608, 40.1965846], [-8.4574361, 40.1967939], [-8.4573313, 40.1970911], [-8.4572806, 40.1971792]]}}, {"type": "Feature", "properties": {"osm_id": 1327409278, "name": "Ribeira dos Covões", "waterway": "stream", "intermittent": null, "tunnel": "culvert"}, "geometry": {"type": "LineString", "coordinates": [[-8.458461, 40.1935528], [-8.458149, 40.1939181]]}}, {"type": "Feature", "properties": {"osm_id": 1327409279, "name": "Ribeira dos Covões", "waterway": "stream", "intermittent": null, "tunnel": "culvert"}, "geometry": {"type": "LineString", "coordinates": [[-8.4572806, 40.1971792], [-8.4571865, 40.1972212]]}}, {"type": "Feature", "properties": {"osm_id": 1327409280, "name": "Ribeira dos Covões", "waterway": "stream", "intermittent": null, "tunnel": null}, "geometry": {"type": "LineString", "coordinates": [[-8.4546894, 40.1781662], [-8.4553653, 40.178617], [-8.4559983, 40.1789203], [-8.456685, 40.1790597], [-8.4575433, 40.179158], [-8.4580153, 40.1794613], [-8.4589324, 40.1798689], [-8.459524, 40.1802926], [-8.4606824, 40.1811683], [-8.4610891, 40.1816202], [-8.4615328, 40.1823829], [-8.4614765, 40.1830421], [-8.4619725, 40.1842223], [-8.4625254, 40.1852348], [-8.4627694, 40.185856], [-8.4627582, 40.1860318], [-8.4627124, 40.1867505], [-8.4625823, 40.1879493], [-8.462501, 40.1882723], [-8.4622896, 40.1886574], [-8.4615904, 40.1896512], [-8.4609767, 40.1906127], [-8.4608406, 40.1910376]]}}, {"type": "Feature", "properties": {"osm_id": 1354476436, "name": "Vala Real", "waterway": "stream", "intermittent": null, "tunnel": null}, "geometry": {"type": "LineString", "coordinates": [[-8.4522056, 40.2190785], [-8.4524348, 40.2190404]]}}, {"type": "Feature", "properties": {"osm_id": 1354476437, "name": "Vala Real", "waterway": "stream", "intermittent": null, "tunnel": "culvert"}, "geometry": {"type": "LineString", "coordinates": [[-8.4524348, 40.2190404], [-8.4525212, 40.2190261]]}}, {"type": "Feature", "properties": {"osm_id": 1355285712, "name": null, "waterway": "ditch", "intermittent": null, "tunnel": null}, "geometry": {"type": "LineString", "coordinates": [[-8.4492558, 40.2175314], [-8.4497859, 40.2179325], [-8.4498948, 40.2180074], [-8.4500279, 40.2180805], [-8.4502435, 40.2181673], [-8.4521271, 40.2188567], [-8.4522913, 40.2189126], [-8.4524018, 40.2189465]]}}, {"type": "Feature", "properties": {"osm_id": 1355285713, "name": null, "waterway": "ditch", "intermittent": null, "tunnel": null}, "geometry": {"type": "LineString", "coordinates": [[-8.4477536, 40.2151736], [-8.4477538, 40.2151951], [-8.4477552, 40.2153156], [-8.4477318, 40.2154381], [-8.4476774, 40.2155748], [-8.44744, 40.2158286], [-8.4474088, 40.2158779], [-8.4474065, 40.2159189], [-8.4474197, 40.2159724], [-8.4475435, 40.2161846], [-8.4476019, 40.2162648], [-8.4476704, 40.216332], [-8.4490441, 40.217362], [-8.4492255, 40.2175046]]}}, {"type": "Feature", "properties": {"osm_id": 1355285714, "name": null, "waterway": "ditch", "intermittent": null, "tunnel": "culvert"}, "geometry": {"type": "LineString", "coordinates": [[-8.4492255, 40.2175046], [-8.4492558, 40.2175314]]}}, {"type": "Feature", "properties": {"osm_id": 1355285715, "name": null, "waterway": "ditch", "intermittent": null, "tunnel": null}, "geometry": {"type": "LineString", "coordinates": [[-8.4525209, 40.2189726], [-8.4527444, 40.218989]]}}, {"type": "Feature", "properties": {"osm_id": 1355285716, "name": null, "waterway": "ditch", "intermittent": null, "tunnel": "culvert"}, "geometry": {"type": "LineString", "coordinates": [[-8.4524018, 40.2189465], [-8.4525209, 40.2189726]]}}, {"type": "Feature", "properties": {"osm_id": 1355285718, "name": null, "waterway": "ditch", "intermittent": null, "tunnel": null}, "geometry": {"type": "LineString", "coordinates": [[-8.4468143, 40.2152714], [-8.4470351, 40.2154902], [-8.4471758, 40.2156502], [-8.4473176, 40.2158266]]}}, {"type": "Feature", "properties": {"osm_id": 1355285719, "name": null, "waterway": "ditch", "intermittent": null, "tunnel": "culvert"}, "geometry": {"type": "LineString", "coordinates": [[-8.4473176, 40.2158266], [-8.4474088, 40.2158779]]}}, {"type": "Feature", "properties": {"osm_id": 1355285721, "name": "Vala Real", "waterway": "stream", "intermittent": null, "tunnel": null}, "geometry": {"type": "LineString", "coordinates": [[-8.4525212, 40.2190261], [-8.4527444, 40.218989], [-8.4532263, 40.2189693], [-8.4542542, 40.2188548], [-8.4547892, 40.2187705]]}}, {"type": "Feature", "properties": {"osm_id": 1355285722, "name": "Vala Real", "waterway": "stream", "intermittent": null, "tunnel": "culvert"}, "geometry": {"type": "LineString", "coordinates": [[-8.4547892, 40.2187705], [-8.4548755, 40.2187569]]}}, {"type": "Feature", "properties": {"osm_id": 1355288067, "name": null, "waterway": "ditch", "intermittent": null, "tunnel": null}, "geometry": {"type": "LineString", "coordinates": [[-8.4621186, 40.2236421], [-8.4586622, 40.2239529], [-8.4562414, 40.2241528], [-8.455175, 40.2242005], [-8.4546099, 40.2242059], [-8.4545261, 40.2242293], [-8.4544494, 40.2242843], [-8.4543669, 40.2243807], [-8.4531446, 40.2262695]]}}, {"type": "Feature", "properties": {"osm_id": 1355288068, "name": "Adutor do Bloco do Bolão", "waterway": "ditch", "intermittent": null, "tunnel": null}, "geometry": {"type": "LineString", "coordinates": [[-8.4647354, 40.2234155], [-8.4647137, 40.2234231], [-8.4646379, 40.2234386]]}}, {"type": "Feature", "properties": {"osm_id": 1355288069, "name": "Adutor do Bloco do Bolão", "waterway": "ditch", "intermittent": null, "tunnel": "culvert"}, "geometry": {"type": "LineString", "coordinates": [[-8.4646379, 40.2234386], [-8.4645633, 40.2234417]]}}, {"type": "Feature", "properties": {"osm_id": 1355431435, "name": null, "waterway": "ditch", "intermittent": null, "tunnel": null}, "geometry": {"type": "LineString", "coordinates": [[-8.4617093, 40.2256763], [-8.4617328, 40.2256776], [-8.4620351, 40.2256942]]}}, {"type": "Feature", "properties": {"osm_id": 1355431436, "name": null, "waterway": "ditch", "intermittent": null, "tunnel": "culvert"}, "geometry": {"type": "LineString", "coordinates": [[-8.4616416, 40.2256725], [-8.4617093, 40.2256763]]}}, {"type": "Feature", "properties": {"osm_id": 1355431437, "name": null, "waterway": "ditch", "intermittent": null, "tunnel": null}, "geometry": {"type": "LineString", "coordinates": [[-8.4546112, 40.2253918], [-8.4616416, 40.2256725]]}}, {"type": "Feature", "properties": {"osm_id": 1355431438, "name": "Adutor do Bloco do Bolão", "waterway": "ditch", "intermittent": null, "tunnel": null}, "geometry": {"type": "LineString", "coordinates": [[-8.4620508, 40.2237432], [-8.4619786, 40.2238508], [-8.4617328, 40.2256776], [-8.4614721, 40.2276147]]}}, {"type": "Feature", "properties": {"osm_id": 1355431439, "name": "Adutor do Bloco do Bolão", "waterway": "ditch", "intermittent": null, "tunnel": "culvert"}, "geometry": {"type": "LineString", "coordinates": [[-8.4614721, 40.2276147], [-8.4614614, 40.2276941]]}}, {"type": "Feature", "properties": {"osm_id": 1355431440, "name": "Adutor do Bloco do Bolão", "waterway": "ditch", "intermittent": null, "tunnel": null}, "geometry": {"type": "LineString", "coordinates": [[-8.4611759, 40.2298156], [-8.4610524, 40.2307332], [-8.4609252, 40.2316782]]}}, {"type": "Feature", "properties": {"osm_id": 1355431441, "name": "Adutor do Bloco do Bolão", "waterway": "ditch", "intermittent": null, "tunnel": "culvert"}, "geometry": {"type": "LineString", "coordinates": [[-8.4609252, 40.2316782], [-8.4609135, 40.2317649]]}}, {"type": "Feature", "properties": {"osm_id": 1355431587, "name": null, "waterway": "ditch", "intermittent": null, "tunnel": null}, "geometry": {"type": "LineString", "coordinates": [[-8.4620351, 40.2256942], [-8.4674026, 40.2259898], [-8.4682187, 40.225853], [-8.4712864, 40.2253389], [-8.4712994, 40.2253367]]}}, {"type": "Feature", "properties": {"osm_id": 1355431593, "name": null, "waterway": "ditch", "intermittent": null, "tunnel": null}, "geometry": {"type": "LineString", "coordinates": [[-8.4620508, 40.2237432], [-8.4638173, 40.2235689]]}}, {"type": "Feature", "properties": {"osm_id": 1355431594, "name": null, "waterway": "ditch", "intermittent": null, "tunnel": "culvert"}, "geometry": {"type": "LineString", "coordinates": [[-8.4638173, 40.2235689], [-8.4638857, 40.2235622]]}}, {"type": "Feature", "properties": {"osm_id": 1355431595, "name": null, "waterway": "ditch", "intermittent": null, "tunnel": null}, "geometry": {"type": "LineString", "coordinates": [[-8.4638857, 40.2235622], [-8.4642683, 40.2235245], [-8.4643316, 40.2235202], [-8.464395, 40.2235228], [-8.4644573, 40.2235321], [-8.4645173, 40.223548], [-8.4645737, 40.2235702], [-8.4646255, 40.2235983], [-8.4646667, 40.2236173], [-8.4647118, 40.2236303], [-8.4647593, 40.2236367], [-8.4648075, 40.2236364], [-8.4663037, 40.2235212]]}}, {"type": "Feature", "properties": {"osm_id": 1355431617, "name": null, "waterway": "ditch", "intermittent": null, "tunnel": null}, "geometry": {"type": "LineString", "coordinates": [[-8.4606469, 40.2337461], [-8.4667299, 40.2358901], [-8.4667941, 40.2359044], [-8.4668601, 40.2359121], [-8.4669269, 40.235913], [-8.4669933, 40.2359072], [-8.4700349, 40.2353354]]}}, {"type": "Feature", "properties": {"osm_id": 1355431618, "name": null, "waterway": "ditch", "intermittent": null, "tunnel": null}, "geometry": {"type": "LineString", "coordinates": [[-8.4610407, 40.2307323], [-8.4610524, 40.2307332], [-8.4610702, 40.2307346], [-8.4681925, 40.232773], [-8.4682503, 40.2327866], [-8.46831, 40.2327942], [-8.4683704, 40.2327955], [-8.4684306, 40.2327907], [-8.4702042, 40.2325887], [-8.4702516, 40.2325785], [-8.4702977, 40.2325651], [-8.470342, 40.2325485], [-8.4703842, 40.232529], [-8.4759846, 40.2295585]]}}, {"type": "Feature", "properties": {"osm_id": 1355431619, "name": null, "waterway": "ditch", "intermittent": null, "tunnel": "culvert"}, "geometry": {"type": "LineString", "coordinates": [[-8.4612262, 40.2297405], [-8.4613069, 40.2297547]]}}, {"type": "Feature", "properties": {"osm_id": 1355431620, "name": null, "waterway": "ditch", "intermittent": null, "tunnel": null}, "geometry": {"type": "LineString", "coordinates": [[-8.4611869, 40.2297336], [-8.4612262, 40.2297405]]}}, {"type": "Feature", "properties": {"osm_id": 1355431621, "name": null, "waterway": "ditch", "intermittent": null, "tunnel": null}, "geometry": {"type": "LineString", "coordinates": [[-8.4613069, 40.2297547], [-8.462322, 40.2299897], [-8.4681791, 40.2313457]]}}, {"type": "Feature", "properties": {"osm_id": 1355431623, "name": "Adutor do Bloco do Bolão", "waterway": "ditch", "intermittent": null, "tunnel": "culvert"}, "geometry": {"type": "LineString", "coordinates": [[-8.4611862, 40.2297391], [-8.4611759, 40.2298156]]}}, {"type": "Feature", "properties": {"osm_id": 1355431624, "name": "Adutor do Bloco do Bolão", "waterway": "ditch", "intermittent": null, "tunnel": null}, "geometry": {"type": "LineString", "coordinates": [[-8.4609135, 40.2317649], [-8.4606469, 40.2337461], [-8.4603803, 40.2357269]]}}, {"type": "Feature", "properties": {"osm_id": 1355431627, "name": null, "waterway": "ditch", "intermittent": null, "tunnel": "culvert"}, "geometry": {"type": "LineString", "coordinates": [[-8.4609558, 40.2307256], [-8.4610407, 40.2307323]]}}, {"type": "Feature", "properties": {"osm_id": 1355431628, "name": null, "waterway": "ditch", "intermittent": null, "tunnel": null}, "geometry": {"type": "LineString", "coordinates": [[-8.4583569, 40.230669], [-8.4607816, 40.2311487], [-8.4608043, 40.2311522], [-8.4608274, 40.2311501], [-8.4608484, 40.2311427], [-8.4608653, 40.2311305], [-8.4608764, 40.231115], [-8.4608806, 40.2310975], [-8.4609265, 40.2307565], [-8.4609291, 40.2307467], [-8.4609352, 40.2307378], [-8.4609444, 40.2307306], [-8.4609558, 40.2307256]]}}, {"type": "Feature", "properties": {"osm_id": 1355431629, "name": null, "waterway": "ditch", "intermittent": null, "tunnel": "culvert"}, "geometry": {"type": "LineString", "coordinates": [[-8.4612302, 40.2286864], [-8.461317, 40.2287007]]}}, {"type": "Feature", "properties": {"osm_id": 1355431630, "name": null, "waterway": "ditch", "intermittent": null, "tunnel": null}, "geometry": {"type": "LineString", "coordinates": [[-8.4547191, 40.2276155], [-8.4612302, 40.2286864]]}}, {"type": "Feature", "properties": {"osm_id": 1355431631, "name": null, "waterway": "ditch", "intermittent": null, "tunnel": null}, "geometry": {"type": "LineString", "coordinates": [[-8.461317, 40.2287007], [-8.4613257, 40.2287021], [-8.4683977, 40.2301174], [-8.4684444, 40.2301017], [-8.4700045, 40.2295783], [-8.4754972, 40.2277353]]}}, {"type": "Feature", "properties": {"osm_id": 1355431635, "name": "Adutor do Bloco do Bolão", "waterway": "ditch", "intermittent": null, "tunnel": null}, "geometry": {"type": "LineString", "coordinates": [[-8.4621186, 40.2236421], [-8.4620957, 40.2236762]]}}, {"type": "Feature", "properties": {"osm_id": 1355431636, "name": "Adutor do Bloco do Bolão", "waterway": "ditch", "intermittent": null, "tunnel": "culvert"}, "geometry": {"type": "LineString", "coordinates": [[-8.4620957, 40.2236762], [-8.4620606, 40.2237286], [-8.4620508, 40.2237432]]}}, {"type": "Feature", "properties": {"osm_id": 1355431637, "name": "Adutor do Bloco do Bolão", "waterway": "ditch", "intermittent": null, "tunnel": null}, "geometry": {"type": "LineString", "coordinates": [[-8.4614614, 40.2276941], [-8.4613257, 40.2287021], [-8.4611869, 40.2297336], [-8.4611862, 40.2297391]]}}, {"type": "Feature", "properties": {"osm_id": 1359861592, "name": null, "waterway": "stream", "intermittent": null, "tunnel": null}, "geometry": {"type": "LineString", "coordinates": [[-8.3750622, 40.1992607], [-8.3747577, 40.1988276], [-8.37435, 40.1980409], [-8.3741621, 40.1972504]]}}, {"type": "Feature", "properties": {"osm_id": 1359861593, "name": null, "waterway": "stream", "intermittent": null, "tunnel": "culvert"}, "geometry": {"type": "LineString", "coordinates": [[-8.3751291, 40.1993559], [-8.3750622, 40.1992607]]}}, {"type": "Feature", "properties": {"osm_id": 1359861594, "name": null, "waterway": "stream", "intermittent": null, "tunnel": null}, "geometry": {"type": "LineString", "coordinates": [[-8.3764099, 40.2052192], [-8.3767747, 40.2047439], [-8.3769249, 40.204367], [-8.376882, 40.204154], [-8.3768501, 40.2039672]]}}, {"type": "Feature", "properties": {"osm_id": 1359861595, "name": null, "waterway": "stream", "intermittent": null, "tunnel": "culvert"}, "geometry": {"type": "LineString", "coordinates": [[-8.3768501, 40.2039672], [-8.3768317, 40.2038598]]}}, {"type": "Feature", "properties": {"osm_id": 1384456788, "name": null, "waterway": "stream", "intermittent": null, "tunnel": "yes"}, "geometry": {"type": "LineString", "coordinates": [[-8.4147592, 40.1942873], [-8.4150051, 40.1941561], [-8.4153396, 40.1939237], [-8.4157401, 40.1937751]]}}, {"type": "Feature", "properties": {"osm_id": 1415300233, "name": "Ribeira dos Covões", "waterway": "stream", "intermittent": null, "tunnel": null}, "geometry": {"type": "LineString", "coordinates": [[-8.4571865, 40.1972212], [-8.4569409, 40.1973967], [-8.4567616, 40.197622], [-8.4566066, 40.1980468], [-8.4564065, 40.1981603], [-8.4562791, 40.1982203], [-8.4560777, 40.1983209], [-8.4557996, 40.1985958], [-8.4555038, 40.1986664], [-8.4553128, 40.1986806], [-8.4552173, 40.1988171], [-8.455094, 40.1991065], [-8.4551016, 40.1991931]]}}, {"type": "Feature", "properties": {"osm_id": 1415300234, "name": "Ribeira dos Covões", "waterway": "stream", "intermittent": null, "tunnel": "culvert"}, "geometry": {"type": "LineString", "coordinates": [[-8.4551016, 40.1991931], [-8.4551108, 40.1992973]]}}, {"type": "Feature", "properties": {"osm_id": 1415300235, "name": "Ribeira dos Covões", "waterway": "stream", "intermittent": null, "tunnel": null}, "geometry": {"type": "LineString", "coordinates": [[-8.4606573, 40.191194], [-8.4602422, 40.1911719], [-8.460098, 40.191358], [-8.4591483, 40.1924944], [-8.4589369, 40.1927894], [-8.4587133, 40.1931124], [-8.4585263, 40.1934633], [-8.458461, 40.1935528]]}}, {"type": "Feature", "properties": {"osm_id": 1415300236, "name": "Ribeira dos Covões", "waterway": "stream", "intermittent": null, "tunnel": "culvert"}, "geometry": {"type": "LineString", "coordinates": [[-8.4608406, 40.1910376], [-8.4606573, 40.191194]]}}, {"type": "Feature", "properties": {"osm_id": 1430017552, "name": null, "waterway": "river", "intermittent": null, "tunnel": null}, "geometry": {"type": "LineString", "coordinates": [[-8.43975, 40.2151533], [-8.4407415, 40.215053], [-8.4408108, 40.215122]]}}, {"type": "Feature", "properties": {"osm_id": 1430017553, "name": null, "waterway": "river", "intermittent": null, "tunnel": null}, "geometry": {"type": "LineString", "coordinates": [[-8.43975, 40.2151533], [-8.4405733, 40.2151511], [-8.4406409, 40.2152229]]}}, {"type": "Feature", "properties": {"osm_id": 1430017554, "name": null, "waterway": "river", "intermittent": null, "tunnel": null}, "geometry": {"type": "LineString", "coordinates": [[-8.43975, 40.2151533], [-8.4404033, 40.2152527], [-8.4404709, 40.2153237]]}}, {"type": "Feature", "properties": {"osm_id": 1430017555, "name": null, "waterway": "river", "intermittent": null, "tunnel": null}, "geometry": {"type": "LineString", "coordinates": [[-8.43975, 40.2151533], [-8.4402323, 40.2153552], [-8.440301, 40.2154246]]}}, {"type": "Feature", "properties": {"osm_id": 1430017556, "name": null, "waterway": "river", "intermittent": null, "tunnel": null}, "geometry": {"type": "LineString", "coordinates": [[-8.43975, 40.2151533], [-8.4400583, 40.2154548], [-8.440131, 40.2155254]]}}, {"type": "Feature", "properties": {"osm_id": 1430017557, "name": null, "waterway": "river", "intermittent": null, "tunnel": null}, "geometry": {"type": "LineString", "coordinates": [[-8.43975, 40.2151533], [-8.4398853, 40.2155538], [-8.4399611, 40.2156263]]}}, {"type": "Feature", "properties": {"osm_id": 1430017558, "name": null, "waterway": "river", "intermittent": null, "tunnel": null}, "geometry": {"type": "LineString", "coordinates": [[-8.43975, 40.2151533], [-8.4397153, 40.215655], [-8.4397911, 40.2157272]]}}, {"type": "Feature", "properties": {"osm_id": 1430017559, "name": null, "waterway": "river", "intermittent": null, "tunnel": null}, "geometry": {"type": "LineString", "coordinates": [[-8.43975, 40.2151533], [-8.4395486, 40.2157574], [-8.4396212, 40.215828]]}}, {"type": "Feature", "properties": {"osm_id": 1430017560, "name": null, "waterway": "river", "intermittent": null, "tunnel": null}, "geometry": {"type": "LineString", "coordinates": [[-8.43975, 40.2151533], [-8.4393852, 40.2158584], [-8.4394513, 40.2159289]]}}, {"type": "Feature", "properties": {"osm_id": 1430017561, "name": null, "waterway": "river", "intermittent": null, "tunnel": null}, "geometry": {"type": "LineString", "coordinates": [[-8.43975, 40.2151533], [-8.4391774, 40.2157961]]}}, {"type": "Feature", "properties": {"osm_id": 1430017562, "name": "Canal Condutor Geral do Mondego", "waterway": "canal", "intermittent": null, "tunnel": "yes"}, "geometry": {"type": "LineString", "coordinates": [[-8.4391774, 40.2157961], [-8.43911, 40.2157957], [-8.4390812, 40.2158239], [-8.4390738, 40.2158725], [-8.4390758, 40.2159166], [-8.4391147, 40.2159903], [-8.4391764, 40.2160661], [-8.4393749, 40.2162689]]}}, {"type": "Feature", "properties": {"osm_id": 1430017563, "name": null, "waterway": "river", "intermittent": null, "tunnel": null}, "geometry": {"type": "LineString", "coordinates": [[-8.4396561, 40.216137], [-8.4407468, 40.2161429]]}}, {"type": "Feature", "properties": {"osm_id": 1430017564, "name": null, "waterway": "river", "intermittent": null, "tunnel": null}, "geometry": {"type": "LineString", "coordinates": [[-8.4398276, 40.2160377], [-8.4407468, 40.2161429]]}}, {"type": "Feature", "properties": {"osm_id": 1430017565, "name": null, "waterway": "river", "intermittent": null, "tunnel": null}, "geometry": {"type": "LineString", "coordinates": [[-8.4399991, 40.2159385], [-8.4407468, 40.2161429]]}}, {"type": "Feature", "properties": {"osm_id": 1430017566, "name": null, "waterway": "river", "intermittent": null, "tunnel": null}, "geometry": {"type": "LineString", "coordinates": [[-8.4401706, 40.2158392], [-8.4407468, 40.2161429]]}}, {"type": "Feature", "properties": {"osm_id": 1430017567, "name": null, "waterway": "river", "intermittent": null, "tunnel": null}, "geometry": {"type": "LineString", "coordinates": [[-8.4403421, 40.2157399], [-8.4407468, 40.2161429]]}}, {"type": "Feature", "properties": {"osm_id": 1430017568, "name": null, "waterway": "river", "intermittent": null, "tunnel": null}, "geometry": {"type": "LineString", "coordinates": [[-8.4405136, 40.2156406], [-8.4407468, 40.2161429]]}}, {"type": "Feature", "properties": {"osm_id": 1430017569, "name": null, "waterway": "river", "intermittent": null, "tunnel": null}, "geometry": {"type": "LineString", "coordinates": [[-8.4406851, 40.2155414], [-8.4407468, 40.2161429]]}}, {"type": "Feature", "properties": {"osm_id": 1430017570, "name": null, "waterway": "river", "intermittent": null, "tunnel": null}, "geometry": {"type": "LineString", "coordinates": [[-8.4408566, 40.2154421], [-8.4407468, 40.2161429]]}}, {"type": "Feature", "properties": {"osm_id": 1430017571, "name": null, "waterway": "river", "intermittent": null, "tunnel": null}, "geometry": {"type": "LineString", "coordinates": [[-8.4410281, 40.2153428], [-8.4407468, 40.2161429]]}}, {"type": "Feature", "properties": {"osm_id": 1430017572, "name": null, "waterway": "canal", "intermittent": null, "tunnel": null}, "geometry": {"type": "LineString", "coordinates": [[-8.4406409, 40.2152229], [-8.4407445, 40.2153281], [-8.4408566, 40.2154421]]}}, {"type": "Feature", "properties": {"osm_id": 1430017573, "name": null, "waterway": "canal", "intermittent": null, "tunnel": null}, "geometry": {"type": "LineString", "coordinates": [[-8.4404709, 40.2153237], [-8.4405742, 40.2154286], [-8.4406851, 40.2155414]]}}, {"type": "Feature", "properties": {"osm_id": 1430017574, "name": null, "waterway": "canal", "intermittent": null, "tunnel": null}, "geometry": {"type": "LineString", "coordinates": [[-8.440301, 40.2154246], [-8.4404039, 40.2155291], [-8.4405136, 40.2156406]]}}, {"type": "Feature", "properties": {"osm_id": 1430017575, "name": null, "waterway": "canal", "intermittent": null, "tunnel": null}, "geometry": {"type": "LineString", "coordinates": [[-8.4394513, 40.2159289], [-8.4395524, 40.2160316], [-8.4396561, 40.216137]]}}, {"type": "Feature", "properties": {"osm_id": 1430017576, "name": null, "waterway": "canal", "intermittent": null, "tunnel": null}, "geometry": {"type": "LineString", "coordinates": [[-8.4396212, 40.215828], [-8.4397227, 40.2159311], [-8.4398276, 40.2160377]]}}, {"type": "Feature", "properties": {"osm_id": 1430017577, "name": null, "waterway": "canal", "intermittent": null, "tunnel": null}, "geometry": {"type": "LineString", "coordinates": [[-8.4397911, 40.2157272], [-8.439893, 40.2158306], [-8.4399991, 40.2159385]]}}, {"type": "Feature", "properties": {"osm_id": 1430017578, "name": null, "waterway": "canal", "intermittent": null, "tunnel": null}, "geometry": {"type": "LineString", "coordinates": [[-8.4399611, 40.2156263], [-8.4400633, 40.2157301], [-8.4401706, 40.2158392]]}}, {"type": "Feature", "properties": {"osm_id": 1430017579, "name": null, "waterway": "canal", "intermittent": null, "tunnel": null}, "geometry": {"type": "LineString", "coordinates": [[-8.440131, 40.2155254], [-8.4402336, 40.2156296], [-8.4403421, 40.2157399]]}}, {"type": "Feature", "properties": {"osm_id": 1430017580, "name": null, "waterway": "river", "intermittent": null, "tunnel": null}, "geometry": {"type": "LineString", "coordinates": [[-8.4395428, 40.2147735], [-8.4403716, 40.214365]]}}, {"type": "Feature", "properties": {"osm_id": 1430017581, "name": null, "waterway": "canal", "intermittent": null, "tunnel": null}, "geometry": {"type": "LineString", "coordinates": [[-8.4408108, 40.215122], [-8.4409148, 40.2152276], [-8.4410281, 40.2153428]]}}, {"type": "Feature", "properties": {"osm_id": 1430017587, "name": null, "waterway": "river", "intermittent": null, "tunnel": null}, "geometry": {"type": "LineString", "coordinates": [[-8.441146, 40.2152771], [-8.4411653, 40.2153281], [-8.441302, 40.2156892], [-8.4414978, 40.2161214], [-8.4415998, 40.2162678], [-8.4418049, 40.216529], [-8.4420638, 40.2168382], [-8.4423172, 40.2170963], [-8.4425922, 40.2173052], [-8.4428363, 40.2175008], [-8.4430656, 40.2176544], [-8.4429694, 40.2179304]]}}, {"type": "Feature", "properties": {"osm_id": 1433151839, "name": null, "waterway": "stream", "intermittent": null, "tunnel": null}, "geometry": {"type": "LineString", "coordinates": [[-8.4201464, 40.1927363], [-8.4201742, 40.1927187], [-8.4208596, 40.1925224], [-8.4213573, 40.1923277], [-8.4218277, 40.1917848], [-8.4220852, 40.1916106], [-8.4227403, 40.1914146], [-8.4238267, 40.1914605]]}}, {"type": "Feature", "properties": {"osm_id": 1433151840, "name": null, "waterway": "stream", "intermittent": null, "tunnel": "culvert"}, "geometry": {"type": "LineString", "coordinates": [[-8.4200657, 40.1927875], [-8.4201464, 40.1927363]]}}, {"type": "Feature", "properties": {"osm_id": 1434216261, "name": null, "waterway": "stream", "intermittent": null, "tunnel": null}, "geometry": {"type": "LineString", "coordinates": [[-8.4399341, 40.2237606], [-8.4399462, 40.2237514], [-8.439977, 40.223776]]}}, {"type": "Feature", "properties": {"osm_id": 1434216262, "name": null, "waterway": "stream", "intermittent": null, "tunnel": "yes"}, "geometry": {"type": "LineString", "coordinates": [[-8.439977, 40.223776], [-8.4400347, 40.2238057], [-8.4400669, 40.2238124], [-8.4401192, 40.2238144], [-8.4407271, 40.2239256], [-8.4408047, 40.2239575], [-8.440847, 40.2239978]]}}, {"type": "Feature", "properties": {"osm_id": 1434216263, "name": null, "waterway": "stream", "intermittent": null, "tunnel": "yes"}, "geometry": {"type": "LineString", "coordinates": [[-8.4396324, 40.2239603], [-8.4399341, 40.2237606]]}}, {"type": "Feature", "properties": {"osm_id": 1434216264, "name": null, "waterway": "stream", "intermittent": null, "tunnel": null}, "geometry": {"type": "LineString", "coordinates": [[-8.4377372, 40.2267682], [-8.4377472, 40.2267426], [-8.4379194, 40.2260724], [-8.4379608, 40.2259895], [-8.4380441, 40.2258881], [-8.4380987, 40.2257718], [-8.4382173, 40.2253766], [-8.438297, 40.2251444], [-8.4384259, 40.2248851], [-8.4385608, 40.2246607], [-8.4387083, 40.2244221], [-8.4389216, 40.2240822], [-8.4390463, 40.2239695], [-8.439112, 40.2239521], [-8.439571, 40.2239644], [-8.4396324, 40.2239603]]}}, {"type": "Feature", "properties": {"osm_id": 1466227105, "name": null, "waterway": "stream", "intermittent": null, "tunnel": null}, "geometry": {"type": "LineString", "coordinates": [[-8.3694588, 40.1952955], [-8.3695812, 40.1955442], [-8.3700533, 40.1961835], [-8.3700747, 40.1965768], [-8.3698387, 40.1970521], [-8.3696885, 40.1975766], [-8.3700143, 40.198209]]}}, {"type": "Feature", "properties": {"osm_id": 1466227106, "name": null, "waterway": "stream", "intermittent": null, "tunnel": "culvert"}, "geometry": {"type": "LineString", "coordinates": [[-8.3693325, 40.1950032], [-8.3694588, 40.1952955]]}}, {"type": "Feature", "properties": {"osm_id": 1466227107, "name": null, "waterway": "stream", "intermittent": null, "tunnel": null}, "geometry": {"type": "LineString", "coordinates": [[-8.3647398, 40.1976098], [-8.3653326, 40.1977569], [-8.3662123, 40.198183], [-8.3673281, 40.1982486], [-8.3682508, 40.1984617], [-8.36868, 40.1986092], [-8.3688321, 40.1986569], [-8.3691312, 40.1987062]]}}, {"type": "Feature", "properties": {"osm_id": 1466227108, "name": null, "waterway": "stream", "intermittent": null, "tunnel": "culvert"}, "geometry": {"type": "LineString", "coordinates": [[-8.3644872, 40.1975202], [-8.3647398, 40.1976098]]}}, {"type": "Feature", "properties": {"osm_id": 1476658064, "name": "Descarregador Fusível do Choupal", "waterway": "ditch", "intermittent": "yes", "tunnel": null}, "geometry": {"type": "LineString", "coordinates": [[-8.444426, 40.2184667], [-8.4443915, 40.2188746], [-8.4443714, 40.219111], [-8.4443557, 40.219296], [-8.4443879, 40.2196401]]}}, {"type": "Feature", "properties": {"osm_id": 1476658110, "name": null, "waterway": "canal", "intermittent": null, "tunnel": "culvert"}, "geometry": {"type": "LineString", "coordinates": [[-8.4618391, 40.2233398], [-8.4618499, 40.2234812]]}}, {"type": "Feature", "properties": {"osm_id": 1476658111, "name": null, "waterway": "canal", "intermittent": null, "tunnel": null}, "geometry": {"type": "LineString", "coordinates": [[-8.4618331, 40.2232626], [-8.4618374, 40.2233173], [-8.4618391, 40.2233398]]}}, {"type": "Feature", "properties": {"osm_id": 1476658115, "name": "Canal Condutor Geral do Mondego", "waterway": "canal", "intermittent": null, "tunnel": null}, "geometry": {"type": "LineString", "coordinates": [[-8.4442902, 40.2228461], [-8.4449289, 40.2229467]]}}, {"type": "Feature", "properties": {"osm_id": 1476658116, "name": "Canal Condutor Geral do Mondego", "waterway": "canal", "intermittent": null, "tunnel": null}, "geometry": {"type": "LineString", "coordinates": [[-8.4393749, 40.2162689], [-8.439402, 40.2162963], [-8.4394765, 40.2163718], [-8.4396057, 40.2165229], [-8.4396565, 40.2166129], [-8.4397101, 40.216742], [-8.4397264, 40.2168403], [-8.4398033, 40.2173641], [-8.4398496, 40.2176124], [-8.4399448, 40.2177917], [-8.4400764, 40.2179596], [-8.4417166, 40.2201419], [-8.4419526, 40.2205965], [-8.4421136, 40.221256], [-8.4422208, 40.2216533], [-8.4424569, 40.2220178], [-8.4427251, 40.2222759], [-8.4431167, 40.2225257], [-8.4435834, 40.2227142], [-8.4440877, 40.2228125], [-8.4442902, 40.2228461]]}}, {"type": "Feature", "properties": {"osm_id": 1476658118, "name": "Descarregador Fusível do Choupal", "waterway": "ditch", "intermittent": "yes", "tunnel": null}, "geometry": {"type": "LineString", "coordinates": [[-8.4443879, 40.2196401], [-8.4445153, 40.2201807], [-8.4445488, 40.2205228], [-8.4445569, 40.2208935], [-8.4446052, 40.2212642], [-8.4446508, 40.2215857], [-8.4447607, 40.2218888], [-8.4447849, 40.2222083], [-8.4447564, 40.2223591], [-8.444746, 40.2224141], [-8.4446347, 40.2227602], [-8.4444979, 40.2232067], [-8.4443168, 40.2234903], [-8.4442605, 40.2236572], [-8.444286, 40.223862], [-8.4443061, 40.2240259], [-8.4443852, 40.2241805], [-8.4445569, 40.2243832], [-8.4447755, 40.2245675], [-8.4449529, 40.2246808]]}}, {"type": "Feature", "properties": {"osm_id": 1476668247, "name": "Adutor do Bloco do Bolão", "waterway": "ditch", "intermittent": null, "tunnel": null}, "geometry": {"type": "LineString", "coordinates": [[-8.4645633, 40.2234417], [-8.4644522, 40.2234371], [-8.4643126, 40.2234448], [-8.4621186, 40.2236421]]}}, {"type": "Feature", "properties": {"osm_id": 1499850425, "name": null, "waterway": "stream", "intermittent": "yes", "tunnel": null}, "geometry": {"type": "LineString", "coordinates": [[-8.359907, 40.171773], [-8.3603354, 40.1718765], [-8.3606735, 40.1720328], [-8.3608739, 40.1722074], [-8.3611014, 40.1725681], [-8.3612328, 40.173016], [-8.361257, 40.1733924], [-8.3611832, 40.1737269], [-8.3611916, 40.1740746], [-8.3612521, 40.1743722], [-8.3614779, 40.174755], [-8.3616989, 40.1749455], [-8.3620557, 40.1751391], [-8.3625863, 40.1755293], [-8.36275, 40.1757371], [-8.3628257, 40.175983], [-8.3629386, 40.1764019], [-8.3630821, 40.1765984], [-8.3634782, 40.1770647], [-8.3637016, 40.1774075], [-8.3639454, 40.1776079], [-8.364144, 40.1777311], [-8.3643163, 40.1777879], [-8.3645285, 40.1778611], [-8.3648175, 40.1779914], [-8.365049, 40.1781809], [-8.3651914, 40.1784406], [-8.365224, 40.1785677]]}}, {"type": "Feature", "properties": {"osm_id": 1499850426, "name": null, "waterway": "stream", "intermittent": "yes", "tunnel": null}, "geometry": {"type": "LineString", "coordinates": [[-8.3652615, 40.1786303], [-8.3653697, 40.178729], [-8.3654665, 40.1789194], [-8.3656661, 40.1790139], [-8.3659253, 40.1792662], [-8.3660004, 40.1793136]]}}, {"type": "Feature", "properties": {"osm_id": 1499850427, "name": null, "waterway": "stream", "intermittent": "yes", "tunnel": "culvert"}, "geometry": {"type": "LineString", "coordinates": [[-8.365224, 40.1785677], [-8.3652615, 40.1786303]]}}, {"type": "Feature", "properties": {"osm_id": 1499850428, "name": null, "waterway": "stream", "intermittent": "yes", "tunnel": null}, "geometry": {"type": "LineString", "coordinates": [[-8.3661194, 40.17934], [-8.3672152, 40.1793048]]}}, {"type": "Feature", "properties": {"osm_id": 1499850429, "name": null, "waterway": "stream", "intermittent": "yes", "tunnel": "culvert"}, "geometry": {"type": "LineString", "coordinates": [[-8.3660004, 40.1793136], [-8.3661194, 40.17934]]}}, {"type": "Feature", "properties": {"osm_id": 1501455262, "name": null, "waterway": "stream", "intermittent": "yes", "tunnel": null}, "geometry": {"type": "LineString", "coordinates": [[-8.4307821, 40.1739499], [-8.4307105, 40.173992], [-8.4306509, 40.1740433], [-8.4305771, 40.1741434], [-8.4305841, 40.1742565], [-8.4306314, 40.174483], [-8.4307567, 40.1749177], [-8.4307919, 40.1752748], [-8.4307735, 40.1756819], [-8.4306792, 40.1759418], [-8.4304475, 40.1762255], [-8.4301692, 40.1764718], [-8.4298887, 40.1767612], [-8.4294449, 40.1769819], [-8.4290923, 40.1771141], [-8.4287598, 40.1771798], [-8.4285005, 40.177177], [-8.4281674, 40.1771346], [-8.4279559, 40.1771544], [-8.4278243, 40.1772354], [-8.4276635, 40.1774022], [-8.4276443, 40.1774271]]}}, {"type": "Feature", "properties": {"osm_id": 1501455263, "name": null, "waterway": "stream", "intermittent": "yes", "tunnel": null}, "geometry": {"type": "LineString", "coordinates": [[-8.4215724, 40.179587], [-8.4214529, 40.1795659], [-8.421296, 40.1795932], [-8.4207151, 40.179896]]}}, {"type": "Feature", "properties": {"osm_id": 1501455264, "name": null, "waterway": "stream", "intermittent": "yes", "tunnel": "culvert"}, "geometry": {"type": "LineString", "coordinates": [[-8.4216802, 40.1795392], [-8.4215724, 40.179587]]}}, {"type": "Feature", "properties": {"osm_id": 1501455265, "name": null, "waterway": "stream", "intermittent": "yes", "tunnel": null}, "geometry": {"type": "LineString", "coordinates": [[-8.4232137, 40.1796618], [-8.4230628, 40.1795818], [-8.422106, 40.1793293], [-8.4219575, 40.1793949], [-8.4217118, 40.1795252], [-8.4216802, 40.1795392]]}}, {"type": "Feature", "properties": {"osm_id": 1501455266, "name": null, "waterway": "stream", "intermittent": "yes", "tunnel": "culvert"}, "geometry": {"type": "LineString", "coordinates": [[-8.4232707, 40.179692], [-8.4232137, 40.1796618]]}}, {"type": "Feature", "properties": {"osm_id": 1501455267, "name": null, "waterway": "stream", "intermittent": "yes", "tunnel": null}, "geometry": {"type": "LineString", "coordinates": [[-8.4275694, 40.1775247], [-8.4270554, 40.1776482], [-8.4268238, 40.1777446], [-8.4265847, 40.17789], [-8.4264049, 40.1779552], [-8.4261619, 40.1780513], [-8.425906, 40.1781176], [-8.4256544, 40.1781534], [-8.4254361, 40.1782902], [-8.425171, 40.1784192], [-8.4250291, 40.1785355], [-8.4249299, 40.1787481], [-8.4247951, 40.1789054], [-8.4246881, 40.1790466], [-8.4246027, 40.179122], [-8.42444, 40.1791755], [-8.4242945, 40.1793009], [-8.4241527, 40.1792936], [-8.4239619, 40.1793361], [-8.4237623, 40.1794343], [-8.4237339, 40.1794911], [-8.4237363, 40.1795985], [-8.4237005, 40.1796469], [-8.4235191, 40.1796976], [-8.4233754, 40.1797048], [-8.4232707, 40.179692]]}}, {"type": "Feature", "properties": {"osm_id": 1501455268, "name": null, "waterway": "stream", "intermittent": "yes", "tunnel": "culvert"}, "geometry": {"type": "LineString", "coordinates": [[-8.4276443, 40.1774271], [-8.4275694, 40.1775247]]}}, {"type": "Feature", "properties": {"osm_id": 1502206263, "name": null, "waterway": "ditch", "intermittent": null, "tunnel": null}, "geometry": {"type": "LineString", "coordinates": [[-8.4485475, 40.215039], [-8.4485417, 40.2150582], [-8.4484669, 40.2150879], [-8.4481017, 40.2151667], [-8.447861, 40.2151905], [-8.4477538, 40.2151951]]}}, {"type": "Feature", "properties": {"osm_id": 1502206268, "name": null, "waterway": "ditch", "intermittent": null, "tunnel": "culvert"}, "geometry": {"type": "LineString", "coordinates": [[-8.4487862, 40.2145598], [-8.4486145, 40.2148184]]}}, {"type": "Feature", "properties": {"osm_id": 1502206269, "name": null, "waterway": "ditch", "intermittent": null, "tunnel": null}, "geometry": {"type": "LineString", "coordinates": [[-8.4486145, 40.2148184], [-8.448591, 40.2148958]]}}, {"type": "Feature", "properties": {"osm_id": 1502206270, "name": null, "waterway": "ditch", "intermittent": null, "tunnel": "culvert"}, "geometry": {"type": "LineString", "coordinates": [[-8.448591, 40.2148958], [-8.4485475, 40.215039]]}}, {"type": "Feature", "properties": {"osm_id": 1528165251, "name": null, "waterway": "ditch", "intermittent": null, "tunnel": null}, "geometry": {"type": "LineString", "coordinates": [[-8.427732, 40.1849992], [-8.4277723, 40.1850682], [-8.4275741, 40.1852336], [-8.4275282, 40.185283], [-8.4274907, 40.1853497], [-8.4274299, 40.1854737], [-8.4274061, 40.1855034], [-8.4273377, 40.1855513], [-8.4271244, 40.1856641], [-8.4268569, 40.1857957], [-8.4267924, 40.1858276], [-8.4267349, 40.1858451], [-8.4266636, 40.185908], [-8.4265804, 40.1859605], [-8.4263747, 40.1860921]]}}, {"type": "Feature", "properties": {"osm_id": 1533049821, "name": "Vala Real", "waterway": "stream", "intermittent": null, "tunnel": null}, "geometry": {"type": "LineString", "coordinates": [[-8.4548755, 40.2187569], [-8.4552787, 40.2186933], [-8.4568643, 40.2180787], [-8.4581002, 40.2177434], [-8.4591409, 40.2174019], [-8.459553, 40.2172584]]}}, {"type": "Feature", "properties": {"osm_id": 1533049822, "name": "Vala Real", "waterway": "stream", "intermittent": null, "tunnel": "culvert"}, "geometry": {"type": "LineString", "coordinates": [[-8.459553, 40.2172584], [-8.4597206, 40.2170478]]}}, {"type": "Feature", "properties": {"osm_id": 1533049829, "name": "Vala Real", "waterway": "stream", "intermittent": null, "tunnel": null}, "geometry": {"type": "LineString", "coordinates": [[-8.4597206, 40.2170478], [-8.4600192, 40.2169293], [-8.4604655, 40.2169324], [-8.4609361, 40.2167751], [-8.4613501, 40.2166934], [-8.462271, 40.2168168], [-8.462582, 40.2167906], [-8.4627617, 40.2167165], [-8.4627886, 40.2167108]]}}, {"type": "Feature", "properties": {"osm_id": 1533049830, "name": "Vala Real", "waterway": "stream", "intermittent": null, "tunnel": "culvert"}, "geometry": {"type": "LineString", "coordinates": [[-8.4627886, 40.2167108], [-8.4629133, 40.2166844]]}}, {"type": "Feature", "properties": {"osm_id": 1533049844, "name": "Ribeira dos Covões", "waterway": "stream", "intermittent": null, "tunnel": null}, "geometry": {"type": "LineString", "coordinates": [[-8.4436431, 40.2174844], [-8.4435087, 40.2176157], [-8.4432096, 40.2180188]]}}, {"type": "Feature", "properties": {"osm_id": 1533049845, "name": "Ribeira dos Covões", "waterway": "stream", "intermittent": null, "tunnel": "culvert"}, "geometry": {"type": "LineString", "coordinates": [[-8.4437303, 40.2173992], [-8.4436431, 40.2174844]]}}, {"type": "Feature", "properties": {"osm_id": 1534596210, "name": "Ribeira de Misarela", "waterway": "stream", "intermittent": null, "tunnel": null}, "geometry": {"type": "LineString", "coordinates": [[-8.3597203, 40.2072144], [-8.3597068, 40.207183], [-8.3595781, 40.2070027], [-8.3595942, 40.2068142], [-8.3596747, 40.2066176], [-8.3599375, 40.2062161], [-8.3600984, 40.2059703], [-8.3601351, 40.2058252], [-8.3601472, 40.20574]]}}, {"type": "Feature", "properties": {"osm_id": 1534596212, "name": "Ribeira de Misarela", "waterway": "stream", "intermittent": null, "tunnel": null}, "geometry": {"type": "LineString", "coordinates": [[-8.3601974, 40.2056588], [-8.3602379, 40.2055934], [-8.3603345, 40.2052205], [-8.3603774, 40.2050689], [-8.3605373, 40.2047624]]}}, {"type": "Feature", "properties": {"osm_id": 1534596213, "name": "Ribeira de Misarela", "waterway": "stream", "intermittent": null, "tunnel": "culvert"}, "geometry": {"type": "LineString", "coordinates": [[-8.3601472, 40.20574], [-8.3601974, 40.2056588]]}}, {"type": "Feature", "properties": {"osm_id": 1537208311, "name": "Ribeira de Coselhas", "waterway": "stream", "intermittent": null, "tunnel": "culvert"}, "geometry": {"type": "LineString", "coordinates": [[-8.3995128, 40.2232912], [-8.3995863, 40.2232079]]}}, {"type": "Feature", "properties": {"osm_id": 1537208312, "name": "Ribeira de Coselhas", "waterway": "stream", "intermittent": null, "tunnel": null}, "geometry": {"type": "LineString", "coordinates": [[-8.3994767, 40.2233322], [-8.3995128, 40.2232912]]}}, {"type": "Feature", "properties": {"osm_id": 1537208313, "name": "Ribeira de Coselhas", "waterway": "stream", "intermittent": null, "tunnel": null}, "geometry": {"type": "LineString", "coordinates": [[-8.3995863, 40.2232079], [-8.3997816, 40.2230653], [-8.4000906, 40.2228635], [-8.400363, 40.2226928], [-8.4005605, 40.2225821], [-8.4008238, 40.2225547]]}}, {"type": "Feature", "properties": {"osm_id": 1537208314, "name": "Ribeira de Coselhas", "waterway": "stream", "intermittent": null, "tunnel": "culvert"}, "geometry": {"type": "LineString", "coordinates": [[-8.4008238, 40.2225547], [-8.4011064, 40.2225253]]}}, {"type": "Feature", "properties": {"osm_id": 1537208315, "name": "Ribeira de Coselhas", "waterway": "stream", "intermittent": null, "tunnel": null}, "geometry": {"type": "LineString", "coordinates": [[-8.4011064, 40.2225253], [-8.4014561, 40.2224889], [-8.4028801, 40.2223255], [-8.4030588, 40.2223349], [-8.4030806, 40.2223349]]}}, {"type": "Feature", "properties": {"osm_id": 1537208316, "name": "Ribeira de Coselhas", "waterway": "stream", "intermittent": null, "tunnel": "culvert"}, "geometry": {"type": "LineString", "coordinates": [[-8.4030806, 40.2223349], [-8.403186, 40.2223349]]}}, {"type": "Feature", "properties": {"osm_id": 1537704706, "name": null, "waterway": "stream", "intermittent": "yes", "tunnel": null}, "geometry": {"type": "LineString", "coordinates": [[-8.4191708, 40.2270909], [-8.4191697, 40.2270511], [-8.4191913, 40.2269947], [-8.4192083, 40.2269313], [-8.4192044, 40.2268502], [-8.4191938, 40.2267544], [-8.4191719, 40.2266435], [-8.4191784, 40.226593], [-8.4192117, 40.2265266], [-8.4192464, 40.2264251], [-8.4192683, 40.2263116], [-8.4192674, 40.2262663], [-8.4192192, 40.2260088], [-8.4191766, 40.2257908], [-8.4191659, 40.2257341], [-8.4191213, 40.2256505], [-8.4191014, 40.2255974], [-8.4190793, 40.2255233], [-8.4190779, 40.2254759], [-8.4190907, 40.2253946], [-8.4191374, 40.2252997], [-8.4191554, 40.2252062], [-8.419165, 40.2251836]]}}, {"type": "Feature", "properties": {"osm_id": 1537704710, "name": null, "waterway": "stream", "intermittent": "yes", "tunnel": null}, "geometry": {"type": "LineString", "coordinates": [[-8.4190339, 40.2243594], [-8.4191368, 40.2243078], [-8.4192119, 40.2242363], [-8.4192111, 40.2241392]]}}, {"type": "Feature", "properties": {"osm_id": 1537704711, "name": null, "waterway": "stream", "intermittent": "yes", "tunnel": "culvert"}, "geometry": {"type": "LineString", "coordinates": [[-8.4192707, 40.2247142], [-8.4190339, 40.2243594]]}}, {"type": "Feature", "properties": {"osm_id": 1537704712, "name": null, "waterway": "stream", "intermittent": "yes", "tunnel": null}, "geometry": {"type": "LineString", "coordinates": [[-8.4192145, 40.2250663], [-8.4192195, 40.2250546], [-8.4192493, 40.2250128], [-8.4192827, 40.2249013], [-8.4192989, 40.2248342], [-8.4193191, 40.2248141], [-8.4193229, 40.2247907], [-8.41929, 40.2247396], [-8.4192707, 40.2247142]]}}, {"type": "Feature", "properties": {"osm_id": 1537704713, "name": null, "waterway": "stream", "intermittent": "yes", "tunnel": "culvert"}, "geometry": {"type": "LineString", "coordinates": [[-8.419165, 40.2251836], [-8.4192145, 40.2250663]]}}, {"type": "Feature", "properties": {"osm_id": 1539991139, "name": null, "waterway": "stream", "intermittent": null, "tunnel": null}, "geometry": {"type": "LineString", "coordinates": [[-8.437214, 40.2298134], [-8.4372221, 40.2297238], [-8.4372298, 40.2296207], [-8.4372391, 40.2294778], [-8.4372593, 40.2293855], [-8.4372972, 40.2291436], [-8.4373025, 40.2288826]]}}, {"type": "Feature", "properties": {"osm_id": 1539991140, "name": null, "waterway": "stream", "intermittent": null, "tunnel": "culvert"}, "geometry": {"type": "LineString", "coordinates": [[-8.4373025, 40.2288826], [-8.4373107, 40.2282795]]}}, {"type": "Feature", "properties": {"osm_id": 1539991141, "name": null, "waterway": "stream", "intermittent": null, "tunnel": null}, "geometry": {"type": "LineString", "coordinates": [[-8.4373107, 40.2282795], [-8.4373525, 40.2280321], [-8.4373702, 40.2279871], [-8.437401, 40.2279711], [-8.4374702, 40.2279621], [-8.4375108, 40.2279416], [-8.4375255, 40.2278877], [-8.4375567, 40.2275116], [-8.43756, 40.2274497], [-8.4375414, 40.2273823], [-8.4376492, 40.2270137], [-8.437675, 40.2269418]]}}, {"type": "Feature", "properties": {"osm_id": 1539991142, "name": null, "waterway": "stream", "intermittent": null, "tunnel": "culvert"}, "geometry": {"type": "LineString", "coordinates": [[-8.437675, 40.2269418], [-8.4377372, 40.2267682]]}}, {"type": "Feature", "properties": {"osm_id": 1544047257, "name": null, "waterway": "stream", "intermittent": "yes", "tunnel": null}, "geometry": {"type": "LineString", "coordinates": [[-8.3769893, 40.1860589], [-8.3775901, 40.1859277], [-8.3788775, 40.1859114], [-8.3799504, 40.1860261], [-8.38068, 40.1862392], [-8.3820894, 40.1869626], [-8.3823835, 40.1870869]]}}, {"type": "Feature", "properties": {"osm_id": 1544047258, "name": null, "waterway": "stream", "intermittent": "yes", "tunnel": "culvert"}, "geometry": {"type": "LineString", "coordinates": [[-8.3823835, 40.1870869], [-8.3825621, 40.1871169]]}}, {"type": "Feature", "properties": {"osm_id": 1545940756, "name": null, "waterway": "ditch", "intermittent": null, "tunnel": null}, "geometry": {"type": "LineString", "coordinates": [[-8.4321216, 40.1939172], [-8.432032, 40.19392], [-8.4320378, 40.19396], [-8.4320394, 40.1941437], [-8.4320319, 40.19428], [-8.4320122, 40.1944016], [-8.431986, 40.194522], [-8.4319539, 40.1946231], [-8.4318818, 40.1947898], [-8.4318179, 40.1949135], [-8.4317421, 40.1950458], [-8.4315398, 40.1953574], [-8.4314592, 40.1954733], [-8.4313546, 40.1956088], [-8.4313432, 40.1956202]]}}, {"type": "Feature", "properties": {"osm_id": 1550035575, "name": "Ribeira dos Covões", "waterway": "stream", "intermittent": null, "tunnel": null}, "geometry": {"type": "LineString", "coordinates": [[-8.4506185, 40.210884], [-8.4506137, 40.2110851], [-8.4504313, 40.2119126], [-8.4503471, 40.2120379], [-8.4501089, 40.2122769], [-8.4498381, 40.2124801], [-8.4495205, 40.2126906], [-8.4493337, 40.2128047], [-8.4489508, 40.2131435], [-8.4484884, 40.2136392], [-8.4480296, 40.2140945], [-8.4479727, 40.2141504]]}}, {"type": "Feature", "properties": {"osm_id": 1550035576, "name": "Ribeira dos Covões", "waterway": "stream", "intermittent": null, "tunnel": "culvert"}, "geometry": {"type": "LineString", "coordinates": [[-8.4506214, 40.2107631], [-8.4506185, 40.210884]]}}]}